"epoch","MoE_0129_92hk0cay - awl_param_class","MoE_0129_92hk0cay - awl_param_class__MIN","MoE_0129_92hk0cay - awl_param_class__MAX","MoE_0129_92hk0cay - _step","MoE_0129_92hk0cay - _step__MIN","MoE_0129_92hk0cay - _step__MAX","MoE_0129_92hk0cay - awl_param_reg","MoE_0129_92hk0cay - awl_param_reg__MIN","MoE_0129_92hk0cay - awl_param_reg__MAX"
"0","0.9816614389419556","0.9816614389419556","0.9816614389419556","0","0","0","0.9785704016685486","0.9785704016685486","0.9785704016685486"
"1","0.9583327770233154","0.9583327770233154","0.9583327770233154","1","1","1","0.9578961730003357","0.9578961730003357","0.9578961730003357"
"2","0.9361139535903931","0.9361139535903931","0.9361139535903931","2","2","2","0.9376171827316284","0.9376171827316284","0.9376171827316284"
"3","0.9148569107055664","0.9148569107055664","0.9148569107055664","3","3","3","0.9176343083381653","0.9176343083381653","0.9176343083381653"
"4","0.8938848972320557","0.8938848972320557","0.8938848972320557","4","4","4","0.8977760076522827","0.8977760076522827","0.8977760076522827"
"5","0.8735079169273376","0.8735079169273376","0.8735079169273376","5","5","5","0.8780590891838074","0.8780590891838074","0.8780590891838074"
"6","0.8531522750854492","0.8531522750854492","0.8531522750854492","6","6","6","0.8584079742431641","0.8584079742431641","0.8584079742431641"
"7","0.8339336514472961","0.8339336514472961","0.8339336514472961","7","7","7","0.8389374613761902","0.8389374613761902","0.8389374613761902"
"8","0.8145118355751038","0.8145118355751038","0.8145118355751038","8","8","8","0.8195695877075195","0.8195695877075195","0.8195695877075195"
"9","0.79521244764328","0.79521244764328","0.79521244764328","9","9","9","0.8002375960350037","0.8002375960350037","0.8002375960350037"
"10","0.775915265083313","0.775915265083313","0.775915265083313","10","10","10","0.7809701561927795","0.7809701561927795","0.7809701561927795"
"11","0.7575604915618896","0.7575604915618896","0.7575604915618896","11","11","11","0.7619070410728455","0.7619070410728455","0.7619070410728455"
"12","0.7399966716766357","0.7399966716766357","0.7399966716766357","12","12","12","0.7429862022399902","0.7429862022399902","0.7429862022399902"
"13","0.7224891781806946","0.7224891781806946","0.7224891781806946","13","13","13","0.7241325378417969","0.7241325378417969","0.7241325378417969"
"14","0.7049761414527893","0.7049761414527893","0.7049761414527893","14","14","14","0.7053787112236023","0.7053787112236023","0.7053787112236023"
"15","0.6874295473098755","0.6874295473098755","0.6874295473098755","15","15","15","0.6867064237594604","0.6867064237594604","0.6867064237594604"
"16","0.6706730723381042","0.6706730723381042","0.6706730723381042","16","16","16","0.6682445406913757","0.6682445406913757","0.6682445406913757"
"17","0.6546539068222046","0.6546539068222046","0.6546539068222046","17","17","17","0.6499341130256653","0.6499341130256653","0.6499341130256653"
"18","0.638830840587616","0.638830840587616","0.638830840587616","18","18","18","0.6317160725593567","0.6317160725593567","0.6317160725593567"
"19","0.6225511431694031","0.6225511431694031","0.6225511431694031","19","19","19","0.6136000752449036","0.6136000752449036","0.6136000752449036"
"20","0.607988715171814","0.607988715171814","0.607988715171814","20","20","20","0.595838189125061","0.595838189125061","0.595838189125061"
"21","0.5943646430969238","0.5943646430969238","0.5943646430969238","21","21","21","0.5783153176307678","0.5783153176307678","0.5783153176307678"
"22","0.5810462832450867","0.5810462832450867","0.5810462832450867","22","22","22","0.5609129071235657","0.5609129071235657","0.5609129071235657"
"23","0.5678686499595642","0.5678686499595642","0.5678686499595642","23","23","23","0.5437513589859009","0.5437513589859009","0.5437513589859009"
"24","0.5556666254997253","0.5556666254997253","0.5556666254997253","24","24","24","0.5268620252609253","0.5268620252609253","0.5268620252609253"
"25","0.5444514155387878","0.5444514155387878","0.5444514155387878","25","25","25","0.5101487636566162","0.5101487636566162","0.5101487636566162"
"26","0.5348867177963257","0.5348867177963257","0.5348867177963257","26","26","26","0.49409687519073486","0.49409687519073486","0.49409687519073486"
"27","0.5265660881996155","0.5265660881996155","0.5265660881996155","27","27","27","0.4784993529319763","0.4784993529319763","0.4784993529319763"
"28","0.5172721743583679","0.5172721743583679","0.5172721743583679","28","28","28","0.4629601836204529","0.4629601836204529","0.4629601836204529"
"29","0.5090526342391968","0.5090526342391968","0.5090526342391968","29","29","29","0.447943776845932","0.447943776845932","0.447943776845932"
"30","0.5012670755386353","0.5012670755386353","0.5012670755386353","30","30","30","0.4333072602748871","0.4333072602748871","0.4333072602748871"
"31","0.49499523639678955","0.49499523639678955","0.49499523639678955","31","31","31","0.41945526003837585","0.41945526003837585","0.41945526003837585"
"32","0.4909931719303131","0.4909931719303131","0.4909931719303131","32","32","32","0.40642404556274414","0.40642404556274414","0.40642404556274414"
"33","0.4845549166202545","0.4845549166202545","0.4845549166202545","33","33","33","0.39334964752197266","0.39334964752197266","0.39334964752197266"
"34","0.4773656129837036","0.4773656129837036","0.4773656129837036","34","34","34","0.3808087408542633","0.3808087408542633","0.3808087408542633"
"35","0.47204598784446716","0.47204598784446716","0.47204598784446716","35","35","35","0.3692225217819214","0.3692225217819214","0.3692225217819214"
"36","0.46898412704467773","0.46898412704467773","0.46898412704467773","36","36","36","0.3588006794452667","0.3588006794452667","0.3588006794452667"
"37","0.4647969901561737","0.4647969901561737","0.4647969901561737","37","37","37","0.3488878309726715","0.3488878309726715","0.3488878309726715"
"38","0.46113109588623047","0.46113109588623047","0.46113109588623047","38","38","38","0.34005144238471985","0.34005144238471985","0.34005144238471985"
"39","0.4600136876106262","0.4600136876106262","0.4600136876106262","39","39","39","0.33418533205986023","0.33418533205986023","0.33418533205986023"
"40","0.4546481668949127","0.4546481668949127","0.4546481668949127","40","40","40","0.3263750970363617","0.3263750970363617","0.3263750970363617"
"41","0.45638272166252136","0.45638272166252136","0.45638272166252136","41","41","41","0.32291993498802185","0.32291993498802185","0.32291993498802185"
"42","0.4521848261356354","0.4521848261356354","0.4521848261356354","42","42","42","0.31661298871040344","0.31661298871040344","0.31661298871040344"
"43","0.4503287076950073","0.4503287076950073","0.4503287076950073","43","43","43","0.313520610332489","0.313520610332489","0.313520610332489"
"44","0.44644197821617126","0.44644197821617126","0.44644197821617126","44","44","44","0.3094272017478943","0.3094272017478943","0.3094272017478943"
"45","0.44231733679771423","0.44231733679771423","0.44231733679771423","45","45","45","0.306027352809906","0.306027352809906","0.306027352809906"
"46","0.44359448552131653","0.44359448552131653","0.44359448552131653","46","46","46","0.30625277757644653","0.30625277757644653","0.30625277757644653"
"47","0.43938887119293213","0.43938887119293213","0.43938887119293213","47","47","47","0.3038070499897003","0.3038070499897003","0.3038070499897003"
"48","0.43717116117477417","0.43717116117477417","0.43717116117477417","48","48","48","0.30176812410354614","0.30176812410354614","0.30176812410354614"
"49","0.4333544075489044","0.4333544075489044","0.4333544075489044","49","49","49","0.29961785674095154","0.29961785674095154","0.29961785674095154"
"50","0.4311773180961609","0.4311773180961609","0.4311773180961609","50","50","50","0.3005105257034302","0.3005105257034302","0.3005105257034302"
"51","0.43197140097618103","0.43197140097618103","0.43197140097618103","51","51","51","0.30056628584861755","0.30056628584861755","0.30056628584861755"
"52","0.42595723271369934","0.42595723271369934","0.42595723271369934","52","52","52","0.2942279279232025","0.2942279279232025","0.2942279279232025"
"53","0.4231531322002411","0.4231531322002411","0.4231531322002411","53","53","53","0.29276251792907715","0.29276251792907715","0.29276251792907715"
"54","0.42213210463523865","0.42213210463523865","0.42213210463523865","54","54","54","0.2921833097934723","0.2921833097934723","0.2921833097934723"
"55","0.4280470013618469","0.4280470013618469","0.4280470013618469","55","55","55","0.3005659282207489","0.3005659282207489","0.3005659282207489"
"56","0.42383116483688354","0.42383116483688354","0.42383116483688354","56","56","56","0.29564169049263","0.29564169049263","0.29564169049263"
"57","0.4203646183013916","0.4203646183013916","0.4203646183013916","57","57","57","0.29298463463783264","0.29298463463783264","0.29298463463783264"
"58","0.4189085364341736","0.4189085364341736","0.4189085364341736","58","58","58","0.292795330286026","0.292795330286026","0.292795330286026"
"59","0.4179876446723938","0.4179876446723938","0.4179876446723938","59","59","59","0.29241037368774414","0.29241037368774414","0.29241037368774414"
"60","0.4167648255825043","0.4167648255825043","0.4167648255825043","60","60","60","0.29183265566825867","0.29183265566825867","0.29183265566825867"
"61","0.41503211855888367","0.41503211855888367","0.41503211855888367","61","61","61","0.29051122069358826","0.29051122069358826","0.29051122069358826"
"62","0.41367024183273315","0.41367024183273315","0.41367024183273315","62","62","62","0.2890688478946686","0.2890688478946686","0.2890688478946686"
"63","0.4129495322704315","0.4129495322704315","0.4129495322704315","63","63","63","0.2898942232131958","0.2898942232131958","0.2898942232131958"
"64","0.4125349521636963","0.4125349521636963","0.4125349521636963","64","64","64","0.28989270329475403","0.28989270329475403","0.28989270329475403"
"65","0.4101334512233734","0.4101334512233734","0.4101334512233734","65","65","65","0.2872515022754669","0.2872515022754669","0.2872515022754669"
"66","0.4100694954395294","0.4100694954395294","0.4100694954395294","66","66","66","0.28817713260650635","0.28817713260650635","0.28817713260650635"
"67","0.41121646761894226","0.41121646761894226","0.41121646761894226","67","67","67","0.2887597680091858","0.2887597680091858","0.2887597680091858"
"68","0.409965455532074","0.409965455532074","0.409965455532074","68","68","68","0.28619980812072754","0.28619980812072754","0.28619980812072754"
"69","0.4102492034435272","0.4102492034435272","0.4102492034435272","69","69","69","0.2863093316555023","0.2863093316555023","0.2863093316555023"
"70","0.40503638982772827","0.40503638982772827","0.40503638982772827","70","70","70","0.282883882522583","0.282883882522583","0.282883882522583"
"71","0.40558984875679016","0.40558984875679016","0.40558984875679016","71","71","71","0.28831610083580017","0.28831610083580017","0.28831610083580017"
"72","0.40456828474998474","0.40456828474998474","0.40456828474998474","72","72","72","0.28635069727897644","0.28635069727897644","0.28635069727897644"
"73","0.40604570508003235","0.40604570508003235","0.40604570508003235","73","73","73","0.28398388624191284","0.28398388624191284","0.28398388624191284"
"74","0.4017774760723114","0.4017774760723114","0.4017774760723114","74","74","74","0.2813275158405304","0.2813275158405304","0.2813275158405304"
"75","0.40000078082084656","0.40000078082084656","0.40000078082084656","75","75","75","0.2817603051662445","0.2817603051662445","0.2817603051662445"
"76","0.3966202139854431","0.3966202139854431","0.3966202139854431","76","76","76","0.2809351980686188","0.2809351980686188","0.2809351980686188"
"77","0.3946777284145355","0.3946777284145355","0.3946777284145355","77","77","77","0.2802143096923828","0.2802143096923828","0.2802143096923828"
"78","0.39380985498428345","0.39380985498428345","0.39380985498428345","78","78","78","0.28097137808799744","0.28097137808799744","0.28097137808799744"
"79","0.3925309181213379","0.3925309181213379","0.3925309181213379","79","79","79","0.28224608302116394","0.28224608302116394","0.28224608302116394"
"80","0.39308351278305054","0.39308351278305054","0.39308351278305054","80","80","80","0.28599902987480164","0.28599902987480164","0.28599902987480164"
"81","0.39426466822624207","0.39426466822624207","0.39426466822624207","81","81","81","0.2861737310886383","0.2861737310886383","0.2861737310886383"
"82","0.3969259560108185","0.3969259560108185","0.3969259560108185","82","82","82","0.28601303696632385","0.28601303696632385","0.28601303696632385"
"83","0.3920736312866211","0.3920736312866211","0.3920736312866211","83","83","83","0.28135937452316284","0.28135937452316284","0.28135937452316284"
"84","0.3865286111831665","0.3865286111831665","0.3865286111831665","84","84","84","0.27543896436691284","0.27543896436691284","0.27543896436691284"
"85","0.3847745656967163","0.3847745656967163","0.3847745656967163","85","85","85","0.27538207173347473","0.27538207173347473","0.27538207173347473"
"86","0.3843640387058258","0.3843640387058258","0.3843640387058258","86","86","86","0.27897578477859497","0.27897578477859497","0.27897578477859497"
"87","0.3831942081451416","0.3831942081451416","0.3831942081451416","87","87","87","0.27634063363075256","0.27634063363075256","0.27634063363075256"
"88","0.38129687309265137","0.38129687309265137","0.38129687309265137","88","88","88","0.2775558531284332","0.2775558531284332","0.2775558531284332"
"89","0.3822753429412842","0.3822753429412842","0.3822753429412842","89","89","89","0.2788447141647339","0.2788447141647339","0.2788447141647339"
"90","0.38361191749572754","0.38361191749572754","0.38361191749572754","90","90","90","0.28154030442237854","0.28154030442237854","0.28154030442237854"
"91","0.37934374809265137","0.37934374809265137","0.37934374809265137","91","91","91","0.27568238973617554","0.27568238973617554","0.27568238973617554"
"92","0.3765954077243805","0.3765954077243805","0.3765954077243805","92","92","92","0.2738540768623352","0.2738540768623352","0.2738540768623352"
"93","0.3742423355579376","0.3742423355579376","0.3742423355579376","93","93","93","0.27613386511802673","0.27613386511802673","0.27613386511802673"
"94","0.38133084774017334","0.38133084774017334","0.38133084774017334","94","94","94","0.2801438570022583","0.2801438570022583","0.2801438570022583"
"95","0.38441604375839233","0.38441604375839233","0.38441604375839233","95","95","95","0.27989912033081055","0.27989912033081055","0.27989912033081055"
"96","0.38279613852500916","0.38279613852500916","0.38279613852500916","96","96","96","0.27733904123306274","0.27733904123306274","0.27733904123306274"
"97","0.37979358434677124","0.37979358434677124","0.37979358434677124","97","97","97","0.2738714814186096","0.2738714814186096","0.2738714814186096"
"98","0.374113529920578","0.374113529920578","0.374113529920578","98","98","98","0.26981320977211","0.26981320977211","0.26981320977211"
"99","0.37108612060546875","0.37108612060546875","0.37108612060546875","99","99","99","0.27029088139533997","0.27029088139533997","0.27029088139533997"
"100","0.382487416267395","0.382487416267395","0.382487416267395","100","100","100","0.2856380343437195","0.2856380343437195","0.2856380343437195"
"101","0.38190796971321106","0.38190796971321106","0.38190796971321106","101","101","101","0.2810773253440857","0.2810773253440857","0.2810773253440857"
"102","0.38115206360816956","0.38115206360816956","0.38115206360816956","102","102","102","0.27665475010871887","0.27665475010871887","0.27665475010871887"
"103","0.37596073746681213","0.37596073746681213","0.37596073746681213","103","103","103","0.27261945605278015","0.27261945605278015","0.27261945605278015"
"104","0.37344640493392944","0.37344640493392944","0.37344640493392944","104","104","104","0.27112969756126404","0.27112969756126404","0.27112969756126404"
"105","0.37037187814712524","0.37037187814712524","0.37037187814712524","105","105","105","0.26675429940223694","0.26675429940223694","0.26675429940223694"
"106","0.3652600944042206","0.3652600944042206","0.3652600944042206","106","106","106","0.26020321249961853","0.26020321249961853","0.26020321249961853"
"107","0.36054304242134094","0.36054304242134094","0.36054304242134094","107","107","107","0.25625208020210266","0.25625208020210266","0.25625208020210266"
"108","0.3556894063949585","0.3556894063949585","0.3556894063949585","108","108","108","0.25306251645088196","0.25306251645088196","0.25306251645088196"
"109","0.3516061007976532","0.3516061007976532","0.3516061007976532","109","109","109","0.2523462772369385","0.2523462772369385","0.2523462772369385"
"110","0.3475051820278168","0.3475051820278168","0.3475051820278168","110","110","110","0.2520081102848053","0.2520081102848053","0.2520081102848053"
"111","0.3446938395500183","0.3446938395500183","0.3446938395500183","111","111","111","0.25297150015830994","0.25297150015830994","0.25297150015830994"
"112","0.34162890911102295","0.34162890911102295","0.34162890911102295","112","112","112","0.2531176507472992","0.2531176507472992","0.2531176507472992"
"113","0.34239986538887024","0.34239986538887024","0.34239986538887024","113","113","113","0.25682878494262695","0.25682878494262695","0.25682878494262695"
"114","0.3392225205898285","0.3392225205898285","0.3392225205898285","114","114","114","0.2538999319076538","0.2538999319076538","0.2538999319076538"
"115","0.3351999521255493","0.3351999521255493","0.3351999521255493","115","115","115","0.2512574791908264","0.2512574791908264","0.2512574791908264"
"116","0.3328924775123596","0.3328924775123596","0.3328924775123596","116","116","116","0.2508649528026581","0.2508649528026581","0.2508649528026581"
"117","0.33027875423431396","0.33027875423431396","0.33027875423431396","117","117","117","0.2508317232131958","0.2508317232131958","0.2508317232131958"
"118","0.32850179076194763","0.32850179076194763","0.32850179076194763","118","118","118","0.25202009081840515","0.25202009081840515","0.25202009081840515"
"119","0.3259090483188629","0.3259090483188629","0.3259090483188629","119","119","119","0.24979737401008606","0.24979737401008606","0.24979737401008606"
"120","0.32341134548187256","0.32341134548187256","0.32341134548187256","120","120","120","0.24934886395931244","0.24934886395931244","0.24934886395931244"
"121","0.3216702938079834","0.3216702938079834","0.3216702938079834","121","121","121","0.25009551644325256","0.25009551644325256","0.25009551644325256"
"122","0.3252742290496826","0.3252742290496826","0.3252742290496826","122","122","122","0.25499409437179565","0.25499409437179565","0.25499409437179565"
"123","0.3233775198459625","0.3233775198459625","0.3233775198459625","123","123","123","0.2522674798965454","0.2522674798965454","0.2522674798965454"
"124","0.32051894068717957","0.32051894068717957","0.32051894068717957","124","124","124","0.24976712465286255","0.24976712465286255","0.24976712465286255"
"125","0.3180507719516754","0.3180507719516754","0.3180507719516754","125","125","125","0.24850867688655853","0.24850867688655853","0.24850867688655853"
"126","0.3176460266113281","0.3176460266113281","0.3176460266113281","126","126","126","0.24948753416538239","0.24948753416538239","0.24948753416538239"
"127","0.3167589008808136","0.3167589008808136","0.3167589008808136","127","127","127","0.2506718933582306","0.2506718933582306","0.2506718933582306"
"128","0.3171844780445099","0.3171844780445099","0.3171844780445099","128","128","128","0.2513977289199829","0.2513977289199829","0.2513977289199829"
"129","0.3153325021266937","0.3153325021266937","0.3153325021266937","129","129","129","0.2483401745557785","0.2483401745557785","0.2483401745557785"
"130","0.31311875581741333","0.31311875581741333","0.31311875581741333","130","130","130","0.2453223317861557","0.2453223317861557","0.2453223317861557"
"131","0.3109745681285858","0.3109745681285858","0.3109745681285858","131","131","131","0.24264274537563324","0.24264274537563324","0.24264274537563324"
"132","0.3087458908557892","0.3087458908557892","0.3087458908557892","132","132","132","0.24075165390968323","0.24075165390968323","0.24075165390968323"
"133","0.3063584864139557","0.3063584864139557","0.3063584864139557","133","133","133","0.2390410304069519","0.2390410304069519","0.2390410304069519"
"134","0.3043217658996582","0.3043217658996582","0.3043217658996582","134","134","134","0.23794730007648468","0.23794730007648468","0.23794730007648468"
"135","0.3024127781391144","0.3024127781391144","0.3024127781391144","135","135","135","0.2373145967721939","0.2373145967721939","0.2373145967721939"
"136","0.30056408047676086","0.30056408047676086","0.30056408047676086","136","136","136","0.2365850806236267","0.2365850806236267","0.2365850806236267"
"137","0.298559308052063","0.298559308052063","0.298559308052063","137","137","137","0.2358182817697525","0.2358182817697525","0.2358182817697525"
"138","0.29691842198371887","0.29691842198371887","0.29691842198371887","138","138","138","0.23568472266197205","0.23568472266197205","0.23568472266197205"
"139","0.2951461374759674","0.2951461374759674","0.2951461374759674","139","139","139","0.23516441881656647","0.23516441881656647","0.23516441881656647"
"140","0.29350656270980835","0.29350656270980835","0.29350656270980835","140","140","140","0.23518747091293335","0.23518747091293335","0.23518747091293335"
"141","0.29183951020240784","0.29183951020240784","0.29183951020240784","141","141","141","0.23469674587249756","0.23469674587249756","0.23469674587249756"
"142","0.28987425565719604","0.28987425565719604","0.28987425565719604","142","142","142","0.2338176965713501","0.2338176965713501","0.2338176965713501"
"143","0.2886287271976471","0.2886287271976471","0.2886287271976471","143","143","143","0.23389224708080292","0.23389224708080292","0.23389224708080292"
"144","0.28813865780830383","0.28813865780830383","0.28813865780830383","144","144","144","0.23524723947048187","0.23524723947048187","0.23524723947048187"
"145","0.2867431342601776","0.2867431342601776","0.2867431342601776","145","145","145","0.23498474061489105","0.23498474061489105","0.23498474061489105"
"146","0.2851918637752533","0.2851918637752533","0.2851918637752533","146","146","146","0.23417668044567108","0.23417668044567108","0.23417668044567108"
"147","0.2838004231452942","0.2838004231452942","0.2838004231452942","147","147","147","0.23333974182605743","0.23333974182605743","0.23333974182605743"
"148","0.28188568353652954","0.28188568353652954","0.28188568353652954","148","148","148","0.2324674278497696","0.2324674278497696","0.2324674278497696"
"149","0.2804064154624939","0.2804064154624939","0.2804064154624939","149","149","149","0.23272284865379333","0.23272284865379333","0.23272284865379333"
"150","0.27945077419281006","0.27945077419281006","0.27945077419281006","150","150","150","0.2320476919412613","0.2320476919412613","0.2320476919412613"
"151","0.27835074067115784","0.27835074067115784","0.27835074067115784","151","151","151","0.23122921586036682","0.23122921586036682","0.23122921586036682"
"152","0.2772333323955536","0.2772333323955536","0.2772333323955536","152","152","152","0.23041871190071106","0.23041871190071106","0.23041871190071106"
"153","0.27612948417663574","0.27612948417663574","0.27612948417663574","153","153","153","0.22970081865787506","0.22970081865787506","0.22970081865787506"
"154","0.27510783076286316","0.27510783076286316","0.27510783076286316","154","154","154","0.22914686799049377","0.22914686799049377","0.22914686799049377"
"155","0.27407699823379517","0.27407699823379517","0.27407699823379517","155","155","155","0.2285906970500946","0.2285906970500946","0.2285906970500946"
"156","0.2730645537376404","0.2730645537376404","0.2730645537376404","156","156","156","0.228040874004364","0.228040874004364","0.228040874004364"
"157","0.27193552255630493","0.27193552255630493","0.27193552255630493","157","157","157","0.22766433656215668","0.22766433656215668","0.22766433656215668"
"158","0.27095827460289","0.27095827460289","0.27095827460289","158","158","158","0.227180615067482","0.227180615067482","0.227180615067482"
"159","0.26998767256736755","0.26998767256736755","0.26998767256736755","159","159","159","0.2269798070192337","0.2269798070192337","0.2269798070192337"
"160","0.2689679265022278","0.2689679265022278","0.2689679265022278","160","160","160","0.2265133261680603","0.2265133261680603","0.2265133261680603"
"161","0.26799023151397705","0.26799023151397705","0.26799023151397705","161","161","161","0.22618362307548523","0.22618362307548523","0.22618362307548523"
"162","0.2669987380504608","0.2669987380504608","0.2669987380504608","162","162","162","0.22586816549301147","0.22586816549301147","0.22586816549301147"
"163","0.2662579119205475","0.2662579119205475","0.2662579119205475","163","163","163","0.22577619552612305","0.22577619552612305","0.22577619552612305"
"164","0.2652311325073242","0.2652311325073242","0.2652311325073242","164","164","164","0.2254956215620041","0.2254956215620041","0.2254956215620041"
"165","0.2642712891101837","0.2642712891101837","0.2642712891101837","165","165","165","0.22526265680789948","0.22526265680789948","0.22526265680789948"
"166","0.2632843554019928","0.2632843554019928","0.2632843554019928","166","166","166","0.22498084604740143","0.22498084604740143","0.22498084604740143"
"167","0.26254087686538696","0.26254087686538696","0.26254087686538696","167","167","167","0.22497735917568207","0.22497735917568207","0.22497735917568207"
"168","0.2616373300552368","0.2616373300552368","0.2616373300552368","168","168","168","0.22476321458816528","0.22476321458816528","0.22476321458816528"
"169","0.2610297203063965","0.2610297203063965","0.2610297203063965","169","169","169","0.22471225261688232","0.22471225261688232","0.22471225261688232"
"170","0.26034948229789734","0.26034948229789734","0.26034948229789734","170","170","170","0.22460266947746277","0.22460266947746277","0.22460266947746277"
"171","0.25987523794174194","0.25987523794174194","0.25987523794174194","171","171","171","0.22437091171741486","0.22437091171741486","0.22437091171741486"
"172","0.2593981921672821","0.2593981921672821","0.2593981921672821","172","172","172","0.22407743334770203","0.22407743334770203","0.22407743334770203"
"173","0.2588508129119873","0.2588508129119873","0.2588508129119873","173","173","173","0.22378559410572052","0.22378559410572052","0.22378559410572052"
"174","0.2583337426185608","0.2583337426185608","0.2583337426185608","174","174","174","0.22350123524665833","0.22350123524665833","0.22350123524665833"
"175","0.2577956020832062","0.2577956020832062","0.2577956020832062","175","175","175","0.2232731282711029","0.2232731282711029","0.2232731282711029"
"176","0.25726911425590515","0.25726911425590515","0.25726911425590515","176","176","176","0.22304123640060425","0.22304123640060425","0.22304123640060425"
"177","0.2567180395126343","0.2567180395126343","0.2567180395126343","177","177","177","0.22279152274131775","0.22279152274131775","0.22279152274131775"
"178","0.2562178671360016","0.2562178671360016","0.2562178671360016","178","178","178","0.2226254940032959","0.2226254940032959","0.2226254940032959"
"179","0.2557127773761749","0.2557127773761749","0.2557127773761749","179","179","179","0.22240996360778809","0.22240996360778809","0.22240996360778809"
"180","0.2552018165588379","0.2552018165588379","0.2552018165588379","180","180","180","0.22221973538398743","0.22221973538398743","0.22221973538398743"
"181","0.2546399235725403","0.2546399235725403","0.2546399235725403","181","181","181","0.22198784351348877","0.22198784351348877","0.22198784351348877"
"182","0.2541082799434662","0.2541082799434662","0.2541082799434662","182","182","182","0.2217945009469986","0.2217945009469986","0.2217945009469986"
"183","0.2536282241344452","0.2536282241344452","0.2536282241344452","183","183","183","0.2216380536556244","0.2216380536556244","0.2216380536556244"
"184","0.253162145614624","0.253162145614624","0.253162145614624","184","184","184","0.2214563488960266","0.2214563488960266","0.2214563488960266"
"185","0.252655029296875","0.252655029296875","0.252655029296875","185","185","185","0.22127294540405273","0.22127294540405273","0.22127294540405273"
"186","0.25217169523239136","0.25217169523239136","0.25217169523239136","186","186","186","0.22116024792194366","0.22116024792194366","0.22116024792194366"
"187","0.2516680359840393","0.2516680359840393","0.2516680359840393","187","187","187","0.22096462547779083","0.22096462547779083","0.22096462547779083"
"188","0.25122323632240295","0.25122323632240295","0.25122323632240295","188","188","188","0.2208036333322525","0.2208036333322525","0.2208036333322525"
"189","0.2507496774196625","0.2507496774196625","0.2507496774196625","189","189","189","0.2206716239452362","0.2206716239452362","0.2206716239452362"
"190","0.25026288628578186","0.25026288628578186","0.25026288628578186","190","190","190","0.22050881385803223","0.22050881385803223","0.22050881385803223"
"191","0.24976883828639984","0.24976883828639984","0.24976883828639984","191","191","191","0.2204315960407257","0.2204315960407257","0.2204315960407257"
"192","0.24949775636196136","0.24949775636196136","0.24949775636196136","192","192","192","0.22033703327178955","0.22033703327178955","0.22033703327178955"
"193","0.24922336637973785","0.24922336637973785","0.24922336637973785","193","193","193","0.2202327847480774","0.2202327847480774","0.2202327847480774"
"194","0.24893897771835327","0.24893897771835327","0.24893897771835327","194","194","194","0.2201409637928009","0.2201409637928009","0.2201409637928009"
"195","0.24866341054439545","0.24866341054439545","0.24866341054439545","195","195","195","0.22001592814922333","0.22001592814922333","0.22001592814922333"
"196","0.2483859360218048","0.2483859360218048","0.2483859360218048","196","196","196","0.21988597512245178","0.21988597512245178","0.21988597512245178"
"197","0.24810603260993958","0.24810603260993958","0.24810603260993958","197","197","197","0.21979771554470062","0.21979771554470062","0.21979771554470062"
"198","0.24780985713005066","0.24780985713005066","0.24780985713005066","198","198","198","0.2196902334690094","0.2196902334690094","0.2196902334690094"
"199","0.24755151569843292","0.24755151569843292","0.24755151569843292","199","199","199","0.21959638595581055","0.21959638595581055","0.21959638595581055"
"200","0.24725636839866638","0.24725636839866638","0.24725636839866638","200","200","200","0.21949449181556702","0.21949449181556702","0.21949449181556702"
"201","0.24699240922927856","0.24699240922927856","0.24699240922927856","201","201","201","0.21940292418003082","0.21940292418003082","0.21940292418003082"
"202","0.24671322107315063","0.24671322107315063","0.24671322107315063","202","202","202","0.21931540966033936","0.21931540966033936","0.21931540966033936"
"203","0.24643728137016296","0.24643728137016296","0.24643728137016296","203","203","203","0.21921302378177643","0.21921302378177643","0.21921302378177643"
"204","0.2461622804403305","0.2461622804403305","0.2461622804403305","204","204","204","0.21911728382110596","0.21911728382110596","0.21911728382110596"
"205","0.2458898425102234","0.2458898425102234","0.2458898425102234","205","205","205","0.2190326601266861","0.2190326601266861","0.2190326601266861"
"206","0.24562400579452515","0.24562400579452515","0.24562400579452515","206","206","206","0.21896399557590485","0.21896399557590485","0.21896399557590485"
"207","0.24534611403942108","0.24534611403942108","0.24534611403942108","207","207","207","0.21886402368545532","0.21886402368545532","0.21886402368545532"
"208","0.24506846070289612","0.24506846070289612","0.24506846070289612","208","208","208","0.2187805026769638","0.2187805026769638","0.2187805026769638"
"209","0.24481315910816193","0.24481315910816193","0.24481315910816193","209","209","209","0.2187088578939438","0.2187088578939438","0.2187088578939438"
"210","0.2445470243692398","0.2445470243692398","0.2445470243692398","210","210","210","0.21860727667808533","0.21860727667808533","0.21860727667808533"
"211","0.24426747858524323","0.24426747858524323","0.24426747858524323","211","211","211","0.21855004131793976","0.21855004131793976","0.21855004131793976"
"212","0.2440059781074524","0.2440059781074524","0.2440059781074524","212","212","212","0.21847932040691376","0.21847932040691376","0.21847932040691376"
"213","0.2438700795173645","0.2438700795173645","0.2438700795173645","213","213","213","0.21843703091144562","0.21843703091144562","0.21843703091144562"
"214","0.2437283992767334","0.2437283992767334","0.2437283992767334","214","214","214","0.2183910310268402","0.2183910310268402","0.2183910310268402"
"215","0.2435905933380127","0.2435905933380127","0.2435905933380127","215","215","215","0.2183341383934021","0.2183341383934021","0.2183341383934021"
"216","0.24344566464424133","0.24344566464424133","0.24344566464424133","216","216","216","0.21828417479991913","0.21828417479991913","0.21828417479991913"
"217","0.24330627918243408","0.24330627918243408","0.24330627918243408","217","217","217","0.21822839975357056","0.21822839975357056","0.21822839975357056"
"218","0.2431708425283432","0.2431708425283432","0.2431708425283432","218","218","218","0.2181871384382248","0.2181871384382248","0.2181871384382248"
"219","0.24302925169467926","0.24302925169467926","0.24302925169467926","219","219","219","0.2181311398744583","0.2181311398744583","0.2181311398744583"
"220","0.24288567900657654","0.24288567900657654","0.24288567900657654","220","220","220","0.21808955073356628","0.21808955073356628","0.21808955073356628"
"221","0.24274341762065887","0.24274341762065887","0.24274341762065887","221","221","221","0.21803317964076996","0.21803317964076996","0.21803317964076996"
"222","0.24259600043296814","0.24259600043296814","0.24259600043296814","222","222","222","0.21798807382583618","0.21798807382583618","0.21798807382583618"
"223","0.24245762825012207","0.24245762825012207","0.24245762825012207","223","223","223","0.21794089674949646","0.21794089674949646","0.21794089674949646"
"224","0.24231909215450287","0.24231909215450287","0.24231909215450287","224","224","224","0.21789246797561646","0.21789246797561646","0.21789246797561646"
"225","0.24218249320983887","0.24218249320983887","0.24218249320983887","225","225","225","0.2178361862897873","0.2178361862897873","0.2178361862897873"
"226","0.24204041063785553","0.24204041063785553","0.24204041063785553","226","226","226","0.21780310571193695","0.21780310571193695","0.21780310571193695"
"227","0.24189241230487823","0.24189241230487823","0.24189241230487823","227","227","227","0.2177470624446869","0.2177470624446869","0.2177470624446869"
"228","0.241771399974823","0.241771399974823","0.241771399974823","228","228","228","0.21770860254764557","0.21770860254764557","0.21770860254764557"
"229","0.2416335642337799","0.2416335642337799","0.2416335642337799","229","229","229","0.21765753626823425","0.21765753626823425","0.21765753626823425"
"230","0.24150285124778748","0.24150285124778748","0.24150285124778748","230","230","230","0.21761858463287354","0.21761858463287354","0.21761858463287354"
"231","0.24136966466903687","0.24136966466903687","0.24136966466903687","231","231","231","0.21756882965564728","0.21756882965564728","0.21756882965564728"
"232","0.24124214053153992","0.24124214053153992","0.24124214053153992","232","232","232","0.21753399074077606","0.21753399074077606","0.21753399074077606"
"233","0.24110537767410278","0.24110537767410278","0.24110537767410278","233","233","233","0.21748605370521545","0.21748605370521545","0.21748605370521545"
"234","0.2410382628440857","0.2410382628440857","0.2410382628440857","234","234","234","0.21746431291103363","0.21746431291103363","0.21746431291103363"
"235","0.24096830189228058","0.24096830189228058","0.24096830189228058","235","235","235","0.2174396514892578","0.2174396514892578","0.2174396514892578"
"236","0.2408977448940277","0.2408977448940277","0.2408977448940277","236","236","236","0.21741317212581635","0.21741317212581635","0.21741317212581635"
"237","0.2408323436975479","0.2408323436975479","0.2408323436975479","237","237","237","0.21739163994789124","0.21739163994789124","0.21739163994789124"
"238","0.24076183140277863","0.24076183140277863","0.24076183140277863","238","238","238","0.21736513078212738","0.21736513078212738","0.21736513078212738"
"239","0.2406923472881317","0.2406923472881317","0.2406923472881317","239","239","239","0.21734210848808289","0.21734210848808289","0.21734210848808289"
"240","0.24062040448188782","0.24062040448188782","0.24062040448188782","240","240","240","0.2173164039850235","0.2173164039850235","0.2173164039850235"
"241","0.24055109918117523","0.24055109918117523","0.24055109918117523","241","241","241","0.21728941798210144","0.21728941798210144","0.21728941798210144"
"242","0.24047939479351044","0.24047939479351044","0.24047939479351044","242","242","242","0.21726655960083008","0.21726655960083008","0.21726655960083008"
"243","0.2404087334871292","0.2404087334871292","0.2404087334871292","243","243","243","0.21724233031272888","0.21724233031272888","0.21724233031272888"
"244","0.24033911526203156","0.24033911526203156","0.24033911526203156","244","244","244","0.21721488237380981","0.21721488237380981","0.21721488237380981"
"245","0.24027174711227417","0.24027174711227417","0.24027174711227417","245","245","245","0.21719564497470856","0.21719564497470856","0.21719564497470856"
"246","0.24019543826580048","0.24019543826580048","0.24019543826580048","246","246","246","0.21716894209384918","0.21716894209384918","0.21716894209384918"
"247","0.2401232123374939","0.2401232123374939","0.2401232123374939","247","247","247","0.21714717149734497","0.21714717149734497","0.21714717149734497"
"248","0.2400500625371933","0.2400500625371933","0.2400500625371933","248","248","248","0.21712438762187958","0.21712438762187958","0.21712438762187958"
"249","0.23997414112091064","0.23997414112091064","0.23997414112091064","249","249","249","0.21710604429244995","0.21710604429244995","0.21710604429244995"
"250","0.2399035096168518","0.2399035096168518","0.2399035096168518","250","250","250","0.21707923710346222","0.21707923710346222","0.21707923710346222"
"251","0.23983822762966156","0.23983822762966156","0.23983822762966156","251","251","251","0.2170606404542923","0.2170606404542923","0.2170606404542923"
"252","0.23976752161979675","0.23976752161979675","0.23976752161979675","252","252","252","0.21703548729419708","0.21703548729419708","0.21703548729419708"
"253","0.23969392478466034","0.23969392478466034","0.23969392478466034","253","253","253","0.21701166033744812","0.21701166033744812","0.21701166033744812"
"254","0.23962169885635376","0.23962169885635376","0.23962169885635376","254","254","254","0.216989204287529","0.216989204287529","0.216989204287529"
"255","0.239583820104599","0.239583820104599","0.239583820104599","255","255","255","0.21697643399238586","0.21697643399238586","0.21697643399238586"
"256","0.2395465075969696","0.2395465075969696","0.2395465075969696","256","256","256","0.21696467697620392","0.21696467697620392","0.21696467697620392"
"257","0.23951148986816406","0.23951148986816406","0.23951148986816406","257","257","257","0.2169540524482727","0.2169540524482727","0.2169540524482727"
"258","0.23947322368621826","0.23947322368621826","0.23947322368621826","258","258","258","0.21694010496139526","0.21694010496139526","0.21694010496139526"
"259","0.23943766951560974","0.23943766951560974","0.23943766951560974","259","259","259","0.21692952513694763","0.21692952513694763","0.21692952513694763"
"260","0.23940108716487885","0.23940108716487885","0.23940108716487885","260","260","260","0.21691802144050598","0.21691802144050598","0.21691802144050598"
"261","0.23936600983142853","0.23936600983142853","0.23936600983142853","261","261","261","0.21690621972084045","0.21690621972084045","0.21690621972084045"
"262","0.2393290400505066","0.2393290400505066","0.2393290400505066","262","262","262","0.21689309179782867","0.21689309179782867","0.21689309179782867"
"263","0.23929347097873688","0.23929347097873688","0.23929347097873688","263","263","263","0.21688270568847656","0.21688270568847656","0.21688270568847656"
"264","0.23925599455833435","0.23925599455833435","0.23925599455833435","264","264","264","0.21687108278274536","0.21687108278274536","0.21687108278274536"
"265","0.23921938240528107","0.23921938240528107","0.23921938240528107","265","265","265","0.21685849130153656","0.21685849130153656","0.21685849130153656"
"266","0.23918429017066956","0.23918429017066956","0.23918429017066956","266","266","266","0.2168448269367218","0.2168448269367218","0.2168448269367218"
"267","0.23914986848831177","0.23914986848831177","0.23914986848831177","267","267","267","0.21683388948440552","0.21683388948440552","0.21683388948440552"
"268","0.2391136735677719","0.2391136735677719","0.2391136735677719","268","268","268","0.21682460606098175","0.21682460606098175","0.21682460606098175"
"269","0.23907767236232758","0.23907767236232758","0.23907767236232758","269","269","269","0.21681301295757294","0.21681301295757294","0.21681301295757294"
"270","0.2390395700931549","0.2390395700931549","0.2390395700931549","270","270","270","0.21680189669132233","0.21680189669132233","0.21680189669132233"
"271","0.23900580406188965","0.23900580406188965","0.23900580406188965","271","271","271","0.2167903035879135","0.2167903035879135","0.2167903035879135"
"272","0.23896855115890503","0.23896855115890503","0.23896855115890503","272","272","272","0.21677878499031067","0.21677878499031067","0.21677878499031067"
"273","0.23893237113952637","0.23893237113952637","0.23893237113952637","273","273","273","0.21676772832870483","0.21676772832870483","0.21676772832870483"
"274","0.2388933300971985","0.2388933300971985","0.2388933300971985","274","274","274","0.21675577759742737","0.21675577759742737","0.21675577759742737"
"275","0.23885612189769745","0.23885612189769745","0.23885612189769745","275","275","275","0.21674425899982452","0.21674425899982452","0.21674425899982452"
"276","0.23883835971355438","0.23883835971355438","0.23883835971355438","276","276","276","0.21673832833766937","0.21673832833766937","0.21673832833766937"
"277","0.23881933093070984","0.23881933093070984","0.23881933093070984","277","277","277","0.21673257648944855","0.21673257648944855","0.21673257648944855"
"278","0.23880013823509216","0.23880013823509216","0.23880013823509216","278","278","278","0.2167261242866516","0.2167261242866516","0.2167261242866516"
"279","0.23878169059753418","0.23878169059753418","0.23878169059753418","279","279","279","0.21672028303146362","0.21672028303146362","0.21672028303146362"
"280","0.2387644499540329","0.2387644499540329","0.2387644499540329","280","280","280","0.21671392023563385","0.21671392023563385","0.21671392023563385"
"281","0.238746777176857","0.238746777176857","0.238746777176857","281","281","281","0.21670861542224884","0.21670861542224884","0.21670861542224884"
"282","0.23872803151607513","0.23872803151607513","0.23872803151607513","282","282","282","0.21670323610305786","0.21670323610305786","0.21670323610305786"
"283","0.23870937526226044","0.23870937526226044","0.23870937526226044","283","283","283","0.21669748425483704","0.21669748425483704","0.21669748425483704"
"284","0.23869089782238007","0.23869089782238007","0.23869089782238007","284","284","284","0.21669162809848785","0.21669162809848785","0.21669162809848785"
"285","0.23867210745811462","0.23867210745811462","0.23867210745811462","285","285","285","0.21668511629104614","0.21668511629104614","0.21668511629104614"
"286","0.23865240812301636","0.23865240812301636","0.23865240812301636","286","286","286","0.21667975187301636","0.21667975187301636","0.21667975187301636"
"287","0.23863396048545837","0.23863396048545837","0.23863396048545837","287","287","287","0.21667395532131195","0.21667395532131195","0.21667395532131195"
"288","0.23861625790596008","0.23861625790596008","0.23861625790596008","288","288","288","0.21666833758354187","0.21666833758354187","0.21666833758354187"
"289","0.2385980486869812","0.2385980486869812","0.2385980486869812","289","289","289","0.21666319668293","0.21666319668293","0.21666319668293"
"290","0.2385791689157486","0.2385791689157486","0.2385791689157486","290","290","290","0.21665742993354797","0.21665742993354797","0.21665742993354797"
"291","0.23856160044670105","0.23856160044670105","0.23856160044670105","291","291","291","0.2166508436203003","0.2166508436203003","0.2166508436203003"
"292","0.23854322731494904","0.23854322731494904","0.23854322731494904","292","292","292","0.2166455239057541","0.2166455239057541","0.2166455239057541"
"293","0.2385246902704239","0.2385246902704239","0.2385246902704239","293","293","293","0.21663931012153625","0.21663931012153625","0.21663931012153625"
"294","0.23850637674331665","0.23850637674331665","0.23850637674331665","294","294","294","0.2166340947151184","0.2166340947151184","0.2166340947151184"
"295","0.238488107919693","0.238488107919693","0.238488107919693","295","295","295","0.21662743389606476","0.21662743389606476","0.21662743389606476"
"296","0.23846986889839172","0.23846986889839172","0.23846986889839172","296","296","296","0.21662122011184692","0.21662122011184692","0.21662122011184692"
"297","0.23846037685871124","0.23846037685871124","0.23846037685871124","297","297","297","0.21661877632141113","0.21661877632141113","0.21661877632141113"
"298","0.23845133185386658","0.23845133185386658","0.23845133185386658","298","298","298","0.21661575138568878","0.21661575138568878","0.21661575138568878"
"299","0.2384425401687622","0.2384425401687622","0.2384425401687622","299","299","299","0.21661250293254852","0.21661250293254852","0.21661250293254852"
"300","0.23843318223953247","0.23843318223953247","0.23843318223953247","300","300","300","0.2166101634502411","0.2166101634502411","0.2166101634502411"
"301","0.23842358589172363","0.23842358589172363","0.23842358589172363","301","301","301","0.2166067659854889","0.2166067659854889","0.2166067659854889"
"302","0.23841461539268494","0.23841461539268494","0.23841461539268494","302","302","302","0.21660415828227997","0.21660415828227997","0.21660415828227997"
"303","0.23840542137622833","0.23840542137622833","0.23840542137622833","303","303","303","0.21660129725933075","0.21660129725933075","0.21660129725933075"
"304","0.23839570581912994","0.23839570581912994","0.23839570581912994","304","304","304","0.2165980488061905","0.2165980488061905","0.2165980488061905"
"305","0.23838607966899872","0.23838607966899872","0.23838607966899872","305","305","305","0.216594859957695","0.216594859957695","0.216594859957695"
"306","0.2383769452571869","0.2383769452571869","0.2383769452571869","306","306","306","0.21659249067306519","0.21659249067306519","0.21659249067306519"
"307","0.23836737871170044","0.23836737871170044","0.23836737871170044","307","307","307","0.21658967435359955","0.21658967435359955","0.21658967435359955"
"308","0.2383577525615692","0.2383577525615692","0.2383577525615692","308","308","308","0.21658633649349213","0.21658633649349213","0.21658633649349213"
"309","0.2383488118648529","0.2383488118648529","0.2383488118648529","309","309","309","0.2165839821100235","0.2165839821100235","0.2165839821100235"
"310","0.2383386790752411","0.2383386790752411","0.2383386790752411","310","310","310","0.21658098697662354","0.21658098697662354","0.21658098697662354"
"311","0.23833012580871582","0.23833012580871582","0.23833012580871582","311","311","311","0.2165781706571579","0.2165781706571579","0.2165781706571579"
"312","0.23832069337368011","0.23832069337368011","0.23832069337368011","312","312","312","0.21657541394233704","0.21657541394233704","0.21657541394233704"
"313","0.23831121623516083","0.23831121623516083","0.23831121623516083","313","313","313","0.21657288074493408","0.21657288074493408","0.21657288074493408"
"314","0.238301619887352","0.238301619887352","0.238301619887352","314","314","314","0.2165701687335968","0.2165701687335968","0.2165701687335968"
"315","0.23829258978366852","0.23829258978366852","0.23829258978366852","315","315","315","0.2165674865245819","0.2165674865245819","0.2165674865245819"
"316","0.2382832020521164","0.2382832020521164","0.2382832020521164","316","316","316","0.2165645956993103","0.2165645956993103","0.2165645956993103"
"317","0.23827403783798218","0.23827403783798218","0.23827403783798218","317","317","317","0.21656197309494019","0.21656197309494019","0.21656197309494019"
"318","0.2382693886756897","0.2382693886756897","0.2382693886756897","318","318","318","0.2165607064962387","0.2165607064962387","0.2165607064962387"
"319","0.23826488852500916","0.23826488852500916","0.23826488852500916","319","319","319","0.21655938029289246","0.21655938029289246","0.21655938029289246"
"320","0.2382601499557495","0.2382601499557495","0.2382601499557495","320","320","320","0.216558039188385","0.216558039188385","0.216558039188385"
"321","0.23825527727603912","0.23825527727603912","0.23825527727603912","321","321","321","0.21655656397342682","0.21655656397342682","0.21655656397342682"
"322","0.2382505089044571","0.2382505089044571","0.2382505089044571","322","322","322","0.2165551334619522","0.2165551334619522","0.2165551334619522"
"323","0.23824596405029297","0.23824596405029297","0.23824596405029297","323","323","323","0.21655388176441193","0.21655388176441193","0.21655388176441193"
"324","0.23824137449264526","0.23824137449264526","0.23824137449264526","324","324","324","0.21655257046222687","0.21655257046222687","0.21655257046222687"
"325","0.2382369488477707","0.2382369488477707","0.2382369488477707","325","325","325","0.21655108034610748","0.21655108034610748","0.21655108034610748"
"326","0.23823221027851105","0.23823221027851105","0.23823221027851105","326","326","326","0.21654976904392242","0.21654976904392242","0.21654976904392242"
"327","0.23822741210460663","0.23822741210460663","0.23822741210460663","327","327","327","0.21654853224754333","0.21654853224754333","0.21654853224754333"
"328","0.2382228672504425","0.2382228672504425","0.2382228672504425","328","328","328","0.21654702723026276","0.21654702723026276","0.21654702723026276"
"329","0.23821839690208435","0.23821839690208435","0.23821839690208435","329","329","329","0.21654567122459412","0.21654567122459412","0.21654567122459412"
"330","0.23821386694908142","0.23821386694908142","0.23821386694908142","330","330","330","0.2165440320968628","0.2165440320968628","0.2165440320968628"
"331","0.23820902407169342","0.23820902407169342","0.23820902407169342","331","331","331","0.21654276549816132","0.21654276549816132","0.21654276549816132"
"332","0.2382044792175293","0.2382044792175293","0.2382044792175293","332","332","332","0.21654146909713745","0.21654146909713745","0.21654146909713745"
"333","0.23820015788078308","0.23820015788078308","0.23820015788078308","333","333","333","0.21654009819030762","0.21654009819030762","0.21654009819030762"
"334","0.2381954789161682","0.2381954789161682","0.2381954789161682","334","334","334","0.21653874218463898","0.21653874218463898","0.21653874218463898"
"335","0.2381906658411026","0.2381906658411026","0.2381906658411026","335","335","335","0.21653707325458527","0.21653707325458527","0.21653707325458527"
"336","0.23818610608577728","0.23818610608577728","0.23818610608577728","336","336","336","0.21653598546981812","0.21653598546981812","0.21653598546981812"
"337","0.23818176984786987","0.23818176984786987","0.23818176984786987","337","337","337","0.21653462946414948","0.21653462946414948","0.21653462946414948"
"338","0.238177090883255","0.238177090883255","0.238177090883255","338","338","338","0.21653327345848083","0.21653327345848083","0.21653327345848083"
"339","0.23817501962184906","0.23817501962184906","0.23817501962184906","339","339","339","0.21653245389461517","0.21653245389461517","0.21653245389461517"
"340","0.23817279934883118","0.23817279934883118","0.23817279934883118","340","340","340","0.21653179824352264","0.21653179824352264","0.21653179824352264"
"341","0.23817068338394165","0.23817068338394165","0.23817068338394165","341","341","341","0.2165311574935913","0.2165311574935913","0.2165311574935913"
"342","0.2381686419248581","0.2381686419248581","0.2381686419248581","342","342","342","0.21653039753437042","0.21653039753437042","0.21653039753437042"
"343","0.23816657066345215","0.23816657066345215","0.23816657066345215","343","343","343","0.21652956306934357","0.21652956306934357","0.21652956306934357"
"344","0.23816461861133575","0.23816461861133575","0.23816461861133575","344","344","344","0.21652893722057343","0.21652893722057343","0.21652893722057343"
"345","0.23816224932670593","0.23816224932670593","0.23816224932670593","345","345","345","0.21652823686599731","0.21652823686599731","0.21652823686599731"
"346","0.23816008865833282","0.23816008865833282","0.23816008865833282","346","346","346","0.21652768552303314","0.21652768552303314","0.21652768552303314"
"347","0.23815806210041046","0.23815806210041046","0.23815806210041046","347","347","347","0.2165267914533615","0.2165267914533615","0.2165267914533615"
"348","0.23815597593784332","0.23815597593784332","0.23815597593784332","348","348","348","0.21652625501155853","0.21652625501155853","0.21652625501155853"
"349","0.23815375566482544","0.23815375566482544","0.23815375566482544","349","349","349","0.21652553975582123","0.21652553975582123","0.21652553975582123"
"350","0.23815155029296875","0.23815155029296875","0.23815155029296875","350","350","350","0.2165246307849884","0.2165246307849884","0.2165246307849884"
"351","0.2381492555141449","0.2381492555141449","0.2381492555141449","351","351","351","0.21652401983737946","0.21652401983737946","0.21652401983737946"
"352","0.2381467968225479","0.2381467968225479","0.2381467968225479","352","352","352","0.21652314066886902","0.21652314066886902","0.21652314066886902"
"353","0.23814459145069122","0.23814459145069122","0.23814459145069122","353","353","353","0.21652251482009888","0.21652251482009888","0.21652251482009888"
"354","0.23814235627651215","0.23814235627651215","0.23814235627651215","354","354","354","0.2165217101573944","0.2165217101573944","0.2165217101573944"
"355","0.23814024031162262","0.23814024031162262","0.23814024031162262","355","355","355","0.21652089059352875","0.21652089059352875","0.21652089059352875"
"356","0.23813802003860474","0.23813802003860474","0.23813802003860474","356","356","356","0.21652007102966309","0.21652007102966309","0.21652007102966309"
"357","0.2381359487771988","0.2381359487771988","0.2381359487771988","357","357","357","0.216519296169281","0.216519296169281","0.216519296169281"
"358","0.23813362419605255","0.23813362419605255","0.23813362419605255","358","358","358","0.21651852130889893","0.21651852130889893","0.21651852130889893"
"359","0.2381315678358078","0.2381315678358078","0.2381315678358078","359","359","359","0.216517835855484","0.216517835855484","0.216517835855484"
"360","0.23813004791736603","0.23813004791736603","0.23813004791736603","360","360","360","0.21651774644851685","0.21651774644851685","0.21651774644851685"
"361","0.2381286919116974","0.2381286919116974","0.2381286919116974","361","361","361","0.21651774644851685","0.21651774644851685","0.21651774644851685"
"362","0.2381274700164795","0.2381274700164795","0.2381274700164795","362","362","362","0.21651756763458252","0.21651756763458252","0.21651756763458252"
"363","0.23812617361545563","0.23812617361545563","0.23812617361545563","363","363","363","0.2165173888206482","0.2165173888206482","0.2165173888206482"
"364","0.23812483251094818","0.23812483251094818","0.23812483251094818","364","364","364","0.21651725471019745","0.21651725471019745","0.21651725471019745"
"365","0.23812341690063477","0.23812341690063477","0.23812341690063477","365","365","365","0.21651722490787506","0.21651722490787506","0.21651722490787506"
"366","0.23812203109264374","0.23812203109264374","0.23812203109264374","366","366","366","0.21651718020439148","0.21651718020439148","0.21651718020439148"
"367","0.23812070488929749","0.23812070488929749","0.23812070488929749","367","367","367","0.2165171205997467","0.2165171205997467","0.2165171205997467"
"368","0.23811940848827362","0.23811940848827362","0.23811940848827362","368","368","368","0.21651701629161835","0.21651701629161835","0.21651701629161835"
"369","0.238117977976799","0.238117977976799","0.238117977976799","369","369","369","0.21651677787303925","0.21651677787303925","0.21651677787303925"
"370","0.23811651766300201","0.23811651766300201","0.23811651766300201","370","370","370","0.21651676297187805","0.21651676297187805","0.21651676297187805"
"371","0.238115131855011","0.238115131855011","0.238115131855011","371","371","371","0.21651659905910492","0.21651659905910492","0.21651659905910492"
"372","0.23811370134353638","0.23811370134353638","0.23811370134353638","372","372","372","0.21651658415794373","0.21651658415794373","0.21651658415794373"
"373","0.23811227083206177","0.23811227083206177","0.23811227083206177","373","373","373","0.21651655435562134","0.21651655435562134","0.21651655435562134"
"374","0.2381110042333603","0.2381110042333603","0.2381110042333603","374","374","374","0.21651655435562134","0.21651655435562134","0.21651655435562134"
"375","0.23810972273349762","0.23810972273349762","0.23810972273349762","375","375","375","0.21651653945446014","0.21651653945446014","0.21651653945446014"
"376","0.23810841143131256","0.23810841143131256","0.23810841143131256","376","376","376","0.21651655435562134","0.21651655435562134","0.21651655435562134"
"377","0.23810693621635437","0.23810693621635437","0.23810693621635437","377","377","377","0.21651646494865417","0.21651646494865417","0.21651646494865417"
"378","0.23810523748397827","0.23810523748397827","0.23810523748397827","378","378","378","0.21651631593704224","0.21651631593704224","0.21651631593704224"
"379","0.2381037473678589","0.2381037473678589","0.2381037473678589","379","379","379","0.21651600301265717","0.21651600301265717","0.21651600301265717"
"380","0.23810237646102905","0.23810237646102905","0.23810237646102905","380","380","380","0.21651588380336761","0.21651588380336761","0.21651588380336761"
"381","0.23810091614723206","0.23810091614723206","0.23810091614723206","381","381","381","0.21651583909988403","0.21651583909988403","0.21651583909988403"
"382","0.23809947073459625","0.23809947073459625","0.23809947073459625","382","382","382","0.21651577949523926","0.21651577949523926","0.21651577949523926"
"383","0.23809807002544403","0.23809807002544403","0.23809807002544403","383","383","383","0.21651577949523926","0.21651577949523926","0.21651577949523926"
"384","0.23809689283370972","0.23809689283370972","0.23809689283370972","384","384","384","0.21651563048362732","0.21651563048362732","0.21651563048362732"
"385","0.23809556663036346","0.23809556663036346","0.23809556663036346","385","385","385","0.21651554107666016","0.21651554107666016","0.21651554107666016"
"386","0.23809416592121124","0.23809416592121124","0.23809416592121124","386","386","386","0.21651563048362732","0.21651563048362732","0.21651563048362732"
"387","0.23809261620044708","0.23809261620044708","0.23809261620044708","387","387","387","0.21651551127433777","0.21651551127433777","0.21651551127433777"
"388","0.23809105157852173","0.23809105157852173","0.23809105157852173","388","388","388","0.21651528775691986","0.21651528775691986","0.21651528775691986"
"389","0.23809009790420532","0.23809009790420532","0.23809009790420532","389","389","389","0.21651524305343628","0.21651524305343628","0.21651524305343628"
"390","0.23808886110782623","0.23808886110782623","0.23808886110782623","390","390","390","0.21651524305343628","0.21651524305343628","0.21651524305343628"
"391","0.2380875051021576","0.2380875051021576","0.2380875051021576","391","391","391","0.21651507914066315","0.21651507914066315","0.21651507914066315"
"392","0.23808620870113373","0.23808620870113373","0.23808620870113373","392","392","392","0.21651501953601837","0.21651501953601837","0.21651501953601837"
"393","0.23808516561985016","0.23808516561985016","0.23808516561985016","393","393","393","0.21651503443717957","0.21651503443717957","0.21651503443717957"
"394","0.23808379471302032","0.23808379471302032","0.23808379471302032","394","394","394","0.2165149599313736","0.2165149599313736","0.2165149599313736"
"395","0.23808246850967407","0.23808246850967407","0.23808246850967407","395","395","395","0.21651481091976166","0.21651481091976166","0.21651481091976166"
"396","0.23808100819587708","0.23808100819587708","0.23808100819587708","396","396","396","0.21651481091976166","0.21651481091976166","0.21651481091976166"
"397","0.23807969689369202","0.23807969689369202","0.23807969689369202","397","397","397","0.21651488542556763","0.21651488542556763","0.21651488542556763"
"398","0.23807811737060547","0.23807811737060547","0.23807811737060547","398","398","398","0.21651488542556763","0.21651488542556763","0.21651488542556763"
"399","0.23807668685913086","0.23807668685913086","0.23807668685913086","399","399","399","0.21651487052440643","0.21651487052440643","0.21651487052440643"
"400","0.23807545006275177","0.23807545006275177","0.23807545006275177","400","400","400","0.2165147066116333","0.2165147066116333","0.2165147066116333"
"401","0.2380741387605667","0.2380741387605667","0.2380741387605667","401","401","401","0.2165146768093109","0.2165146768093109","0.2165146768093109"
"402","0.23807278275489807","0.23807278275489807","0.23807278275489807","402","402","402","0.21651461720466614","0.21651461720466614","0.21651461720466614"
"403","0.2380712777376175","0.2380712777376175","0.2380712777376175","403","403","403","0.2165144383907318","0.2165144383907318","0.2165144383907318"
"404","0.2380700707435608","0.2380700707435608","0.2380700707435608","404","404","404","0.21651434898376465","0.21651434898376465","0.21651434898376465"
"405","0.23806875944137573","0.23806875944137573","0.23806875944137573","405","405","405","0.21651428937911987","0.21651428937911987","0.21651428937911987"
"406","0.2380673736333847","0.2380673736333847","0.2380673736333847","406","406","406","0.21651417016983032","0.21651417016983032","0.21651417016983032"
"407","0.2380659580230713","0.2380659580230713","0.2380659580230713","407","407","407","0.21651409566402435","0.21651409566402435","0.21651409566402435"
"408","0.2380646914243698","0.2380646914243698","0.2380646914243698","408","408","408","0.21651403605937958","0.21651403605937958","0.21651403605937958"
"409","0.23806330561637878","0.23806330561637878","0.23806330561637878","409","409","409","0.2165137529373169","0.2165137529373169","0.2165137529373169"
"410","0.23806212842464447","0.23806212842464447","0.23806212842464447","410","410","410","0.2165137380361557","0.2165137380361557","0.2165137380361557"
"411","0.23806068301200867","0.23806068301200867","0.23806068301200867","411","411","411","0.2165137082338333","0.2165137082338333","0.2165137082338333"
"412","0.23805928230285645","0.23805928230285645","0.23805928230285645","412","412","412","0.21651361882686615","0.21651361882686615","0.21651361882686615"
"413","0.23805807530879974","0.23805807530879974","0.23805807530879974","413","413","413","0.21651357412338257","0.21651357412338257","0.21651357412338257"
"414","0.23805667459964752","0.23805667459964752","0.23805667459964752","414","414","414","0.21651355922222137","0.21651355922222137","0.21651355922222137"
"415","0.23805543780326843","0.23805543780326843","0.23805543780326843","415","415","415","0.216513529419899","0.216513529419899","0.216513529419899"
"416","0.23805415630340576","0.23805415630340576","0.23805415630340576","416","416","416","0.21651357412338257","0.21651357412338257","0.21651357412338257"
"417","0.2380528599023819","0.2380528599023819","0.2380528599023819","417","417","417","0.21651354432106018","0.21651354432106018","0.21651354432106018"
"418","0.23805174231529236","0.23805174231529236","0.23805174231529236","418","418","418","0.21651344001293182","0.21651344001293182","0.21651344001293182"
"419","0.2380504608154297","0.2380504608154297","0.2380504608154297","419","419","419","0.21651341021060944","0.21651341021060944","0.21651341021060944"
"420","0.23804904520511627","0.23804904520511627","0.23804904520511627","420","420","420","0.21651339530944824","0.21651339530944824","0.21651339530944824"
"421","0.23804768919944763","0.23804768919944763","0.23804768919944763","421","421","421","0.21651335060596466","0.21651335060596466","0.21651335060596466"
"422","0.2380465269088745","0.2380465269088745","0.2380465269088745","422","422","422","0.21651335060596466","0.21651335060596466","0.21651335060596466"
"423","0.23804526031017303","0.23804526031017303","0.23804526031017303","423","423","423","0.2165132761001587","0.2165132761001587","0.2165132761001587"
"424","0.23804394900798798","0.23804394900798798","0.23804394900798798","424","424","424","0.2165132761001587","0.2165132761001587","0.2165132761001587"
"425","0.23804262280464172","0.23804262280464172","0.23804262280464172","425","425","425","0.2165132761001587","0.2165132761001587","0.2165132761001587"
"426","0.2380412369966507","0.2380412369966507","0.2380412369966507","426","426","426","0.21651330590248108","0.21651330590248108","0.21651330590248108"
"427","0.2380400002002716","0.2380400002002716","0.2380400002002716","427","427","427","0.21651315689086914","0.21651315689086914","0.21651315689086914"
"428","0.23803865909576416","0.23803865909576416","0.23803865909576416","428","428","428","0.21651315689086914","0.21651315689086914","0.21651315689086914"
"429","0.23803719878196716","0.23803719878196716","0.23803719878196716","429","429","429","0.21651311218738556","0.21651311218738556","0.21651311218738556"
"430","0.23803573846817017","0.23803573846817017","0.23803573846817017","430","430","430","0.2165130376815796","0.2165130376815796","0.2165130376815796"
"431","0.23803448677062988","0.23803448677062988","0.23803448677062988","431","431","431","0.21651308238506317","0.21651308238506317","0.21651308238506317"
"432","0.2380332350730896","0.2380332350730896","0.2380332350730896","432","432","432","0.216512992978096","0.216512992978096","0.216512992978096"
"433","0.23803189396858215","0.23803189396858215","0.23803189396858215","433","433","433","0.21651296317577362","0.21651296317577362","0.21651296317577362"
"434","0.23803074657917023","0.23803074657917023","0.23803074657917023","434","434","434","0.21651294827461243","0.21651294827461243","0.21651294827461243"
"435","0.23802931606769562","0.23802931606769562","0.23802931606769562","435","435","435","0.21651287376880646","0.21651287376880646","0.21651287376880646"
"436","0.2380279302597046","0.2380279302597046","0.2380279302597046","436","436","436","0.21651282906532288","0.21651282906532288","0.21651282906532288"
"437","0.23802660405635834","0.23802660405635834","0.23802660405635834","437","437","437","0.21651266515254974","0.21651266515254974","0.21651266515254974"
"438","0.2380252629518509","0.2380252629518509","0.2380252629518509","438","438","438","0.21651259064674377","0.21651259064674377","0.21651259064674377"
"439","0.23802384734153748","0.23802384734153748","0.23802384734153748","439","439","439","0.21651248633861542","0.21651248633861542","0.21651248633861542"
"440","0.2380223274230957","0.2380223274230957","0.2380223274230957","440","440","440","0.21651224792003632","0.21651224792003632","0.21651224792003632"
"441","0.2380208969116211","0.2380208969116211","0.2380208969116211","441","441","441","0.21651200950145721","0.21651200950145721","0.21651200950145721"
"442","0.23801931738853455","0.23801931738853455","0.23801931738853455","442","442","442","0.21651197969913483","0.21651197969913483","0.21651197969913483"
"443","0.23801805078983307","0.23801805078983307","0.23801805078983307","443","443","443","0.21651197969913483","0.21651197969913483","0.21651197969913483"
"444","0.23801657557487488","0.23801657557487488","0.23801657557487488","444","444","444","0.21651174128055573","0.21651174128055573","0.21651174128055573"
"445","0.23801518976688385","0.23801518976688385","0.23801518976688385","445","445","445","0.2165117710828781","0.2165117710828781","0.2165117710828781"
"446","0.2380138486623764","0.2380138486623764","0.2380138486623764","446","446","446","0.21651172637939453","0.21651172637939453","0.21651172637939453"
"447","0.23801234364509583","0.23801234364509583","0.23801234364509583","447","447","447","0.21651163697242737","0.21651163697242737","0.21651163697242737"
"448","0.23801100254058838","0.23801100254058838","0.23801100254058838","448","448","448","0.21651147305965424","0.21651147305965424","0.21651147305965424"
"449","0.2380097508430481","0.2380097508430481","0.2380097508430481","449","449","449","0.21651144325733185","0.21651144325733185","0.21651144325733185"
"450","0.23800836503505707","0.23800836503505707","0.23800836503505707","450","450","450","0.2165113389492035","0.2165113389492035","0.2165113389492035"
"451","0.23800696432590485","0.23800696432590485","0.23800696432590485","451","451","451","0.21651117503643036","0.21651117503643036","0.21651117503643036"
"452","0.23800566792488098","0.23800566792488098","0.23800566792488098","452","452","452","0.21651118993759155","0.21651118993759155","0.21651118993759155"
"453","0.23800447583198547","0.23800447583198547","0.23800447583198547","453","453","453","0.21651117503643036","0.21651117503643036","0.21651117503643036"
"454","0.2380031794309616","0.2380031794309616","0.2380031794309616","454","454","454","0.2165111005306244","0.2165111005306244","0.2165111005306244"
"455","0.23800185322761536","0.23800185322761536","0.23800185322761536","455","455","455","0.21651101112365723","0.21651101112365723","0.21651101112365723"
"456","0.23800040781497955","0.23800040781497955","0.23800040781497955","456","456","456","0.21651096642017365","0.21651096642017365","0.21651096642017365"
"457","0.2379990667104721","0.2379990667104721","0.2379990667104721","457","457","457","0.21651077270507812","0.21651077270507812","0.21651077270507812"
"458","0.23799759149551392","0.23799759149551392","0.23799759149551392","458","458","458","0.21651075780391693","0.21651075780391693","0.21651075780391693"
"459","0.23799632489681244","0.23799632489681244","0.23799632489681244","459","459","459","0.21651075780391693","0.21651075780391693","0.21651075780391693"
"460","0.23799480497837067","0.23799480497837067","0.23799480497837067","460","460","460","0.21651068329811096","0.21651068329811096","0.21651068329811096"
"461","0.23799337446689606","0.23799337446689606","0.23799337446689606","461","461","461","0.21651065349578857","0.21651065349578857","0.21651065349578857"
"462","0.2379920333623886","0.2379920333623886","0.2379920333623886","462","462","462","0.21651038527488708","0.21651038527488708","0.21651038527488708"
"463","0.23799072206020355","0.23799072206020355","0.23799072206020355","463","463","463","0.2165103554725647","0.2165103554725647","0.2165103554725647"
"464","0.23798945546150208","0.23798945546150208","0.23798945546150208","464","464","464","0.21651025116443634","0.21651025116443634","0.21651025116443634"
"465","0.23798803985118866","0.23798803985118866","0.23798803985118866","465","465","465","0.21651025116443634","0.21651025116443634","0.21651025116443634"
"466","0.23798660933971405","0.23798660933971405","0.23798660933971405","466","466","466","0.2165101170539856","0.2165101170539856","0.2165101170539856"
"467","0.2379852831363678","0.2379852831363678","0.2379852831363678","467","467","467","0.21650998294353485","0.21650998294353485","0.21650998294353485"
"468","0.23798401653766632","0.23798401653766632","0.23798401653766632","468","468","468","0.21650992333889008","0.21650992333889008","0.21650992333889008"
"469","0.23798276484012604","0.23798276484012604","0.23798276484012604","469","469","469","0.21650992333889008","0.21650992333889008","0.21650992333889008"
"470","0.23798145353794098","0.23798145353794098","0.23798145353794098","470","470","470","0.21650995314121246","0.21650995314121246","0.21650995314121246"
"471","0.23798002302646637","0.23798002302646637","0.23798002302646637","471","471","471","0.21650992333889008","0.21650992333889008","0.21650992333889008"
"472","0.23797866702079773","0.23797866702079773","0.23797866702079773","472","472","472","0.21650992333889008","0.21650992333889008","0.21650992333889008"
"473","0.23797713220119476","0.23797713220119476","0.23797713220119476","473","473","473","0.21650990843772888","0.21650990843772888","0.21650990843772888"
"474","0.23797571659088135","0.23797571659088135","0.23797571659088135","474","474","474","0.21650974452495575","0.21650974452495575","0.21650974452495575"
"475","0.23797419667243958","0.23797419667243958","0.23797419667243958","475","475","475","0.21650949120521545","0.21650949120521545","0.21650949120521545"
"476","0.23797275125980377","0.23797275125980377","0.23797275125980377","476","476","476","0.21650949120521545","0.21650949120521545","0.21650949120521545"
"477","0.23797138035297394","0.23797138035297394","0.23797138035297394","477","477","477","0.21650955080986023","0.21650955080986023","0.21650955080986023"
"478","0.23797020316123962","0.23797020316123962","0.23797020316123962","478","478","478","0.21650946140289307","0.21650946140289307","0.21650946140289307"
"479","0.2379690408706665","0.2379690408706665","0.2379690408706665","479","479","479","0.21650943160057068","0.21650943160057068","0.21650943160057068"
"480","0.23796778917312622","0.23796778917312622","0.23796778917312622","480","480","480","0.2165093570947647","0.2165093570947647","0.2165093570947647"
"481","0.23796652257442474","0.23796652257442474","0.23796652257442474","481","481","481","0.21650934219360352","0.21650934219360352","0.21650934219360352"
"482","0.23796531558036804","0.23796531558036804","0.23796531558036804","482","482","482","0.21650926768779755","0.21650926768779755","0.21650926768779755"
"483","0.2379639893770218","0.2379639893770218","0.2379639893770218","483","483","483","0.21650910377502441","0.21650910377502441","0.21650910377502441"
"484","0.23796296119689941","0.23796296119689941","0.23796296119689941","484","484","484","0.21650907397270203","0.21650907397270203","0.21650907397270203"
"485","0.23796135187149048","0.23796135187149048","0.23796135187149048","485","485","485","0.2165089100599289","0.2165089100599289","0.2165089100599289"
"486","0.23796017467975616","0.23796017467975616","0.23796017467975616","486","486","486","0.21650876104831696","0.21650876104831696","0.21650876104831696"
"487","0.23795892298221588","0.23795892298221588","0.23795892298221588","487","487","487","0.21650871634483337","0.21650871634483337","0.21650871634483337"
"488","0.23795753717422485","0.23795753717422485","0.23795753717422485","488","488","488","0.2165086567401886","0.2165086567401886","0.2165086567401886"
"489","0.23795637488365173","0.23795637488365173","0.23795637488365173","489","489","489","0.2165086567401886","0.2165086567401886","0.2165086567401886"
"490","0.2379550337791443","0.2379550337791443","0.2379550337791443","490","490","490","0.21650856733322144","0.21650856733322144","0.21650856733322144"
"491","0.23795373737812042","0.23795373737812042","0.23795373737812042","491","491","491","0.21650844812393188","0.21650844812393188","0.21650844812393188"
"492","0.23795251548290253","0.23795251548290253","0.23795251548290253","492","492","492","0.2165084034204483","0.2165084034204483","0.2165084034204483"
"493","0.237951397895813","0.237951397895813","0.237951397895813","493","493","493","0.21650829911231995","0.21650829911231995","0.21650829911231995"
"494","0.23794986307621002","0.23794986307621002","0.23794986307621002","494","494","494","0.21650822460651398","0.21650822460651398","0.21650822460651398"
"495","0.2379484474658966","0.2379484474658966","0.2379484474658966","495","495","495","0.21650822460651398","0.21650822460651398","0.21650822460651398"
"496","0.23794706165790558","0.23794706165790558","0.23794706165790558","496","496","496","0.21650813519954681","0.21650813519954681","0.21650813519954681"
"497","0.2379457652568817","0.2379457652568817","0.2379457652568817","497","497","497","0.21650807559490204","0.21650807559490204","0.21650807559490204"
"498","0.23794445395469666","0.23794445395469666","0.23794445395469666","498","498","498","0.21650785207748413","0.21650785207748413","0.21650785207748413"
"499","0.23794297873973846","0.23794297873973846","0.23794297873973846","499","499","499","0.2165076732635498","0.2165076732635498","0.2165076732635498"
"500","0.23794174194335938","0.23794174194335938","0.23794174194335938","500","500","500","0.21650774776935577","0.21650774776935577","0.21650774776935577"
"501","0.23794035613536835","0.23794035613536835","0.23794035613536835","501","501","501","0.21650759875774384","0.21650759875774384","0.21650759875774384"
"502","0.2379390448331833","0.2379390448331833","0.2379390448331833","502","502","502","0.2165076583623886","0.2165076583623886","0.2165076583623886"
"503","0.23793791234493256","0.23793791234493256","0.23793791234493256","503","503","503","0.21650755405426025","0.21650755405426025","0.21650755405426025"
"504","0.23793625831604004","0.23793625831604004","0.23793625831604004","504","504","504","0.2165074497461319","0.2165074497461319","0.2165074497461319"
"505","0.23793478310108185","0.23793478310108185","0.23793478310108185","505","505","505","0.21650731563568115","0.21650731563568115","0.21650731563568115"
"506","0.2379334419965744","0.2379334419965744","0.2379334419965744","506","506","506","0.2165074199438095","0.2165074199438095","0.2165074199438095"
"507","0.23793229460716248","0.23793229460716248","0.23793229460716248","507","507","507","0.21650737524032593","0.21650737524032593","0.21650737524032593"
"508","0.23793093860149384","0.23793093860149384","0.23793093860149384","508","508","508","0.2165071815252304","0.2165071815252304","0.2165071815252304"
"509","0.23792968690395355","0.23792968690395355","0.23792968690395355","509","509","509","0.21650701761245728","0.21650701761245728","0.21650701761245728"
"510","0.23792840540409088","0.23792840540409088","0.23792840540409088","510","510","510","0.2165069729089737","0.2165069729089737","0.2165069729089737"
"511","0.23792709410190582","0.23792709410190582","0.23792709410190582","511","511","511","0.21650700271129608","0.21650700271129608","0.21650700271129608"
"512","0.23792585730552673","0.23792585730552673","0.23792585730552673","512","512","512","0.2165069729089737","0.2165069729089737","0.2165069729089737"
"513","0.2379244863986969","0.2379244863986969","0.2379244863986969","513","513","513","0.2165069282054901","0.2165069282054901","0.2165069282054901"
"514","0.23792316019535065","0.23792316019535065","0.23792316019535065","514","514","514","0.21650688350200653","0.21650688350200653","0.21650688350200653"
"515","0.237921804189682","0.237921804189682","0.237921804189682","515","515","515","0.21650685369968414","0.21650685369968414","0.21650685369968414"
"516","0.23792041838169098","0.23792041838169098","0.23792041838169098","516","516","516","0.21650688350200653","0.21650688350200653","0.21650688350200653"
"517","0.23791925609111786","0.23791925609111786","0.23791925609111786","517","517","517","0.21650677919387817","0.21650677919387817","0.21650677919387817"
"518","0.23791782557964325","0.23791782557964325","0.23791782557964325","518","518","518","0.2165064811706543","0.2165064811706543","0.2165064811706543"
"519","0.23791636526584625","0.23791636526584625","0.23791636526584625","519","519","519","0.21650640666484833","0.21650640666484833","0.21650640666484833"
"520","0.23791512846946716","0.23791512846946716","0.23791512846946716","520","520","520","0.21650642156600952","0.21650642156600952","0.21650642156600952"
"521","0.2379138469696045","0.2379138469696045","0.2379138469696045","521","521","521","0.21650642156600952","0.21650642156600952","0.21650642156600952"
"522","0.23791223764419556","0.23791223764419556","0.23791223764419556","522","522","522","0.21650633215904236","0.21650633215904236","0.21650633215904236"
"523","0.2379109412431717","0.2379109412431717","0.2379109412431717","523","523","523","0.2165062427520752","0.2165062427520752","0.2165062427520752"
"524","0.23790951073169708","0.23790951073169708","0.23790951073169708","524","524","524","0.21650612354278564","0.21650612354278564","0.21650612354278564"
"525","0.23790819942951202","0.23790819942951202","0.23790819942951202","525","525","525","0.21650591492652893","0.21650591492652893","0.21650591492652893"
"526","0.237906813621521","0.237906813621521","0.237906813621521","526","526","526","0.21650591492652893","0.21650591492652893","0.21650591492652893"
"527","0.237905353307724","0.237905353307724","0.237905353307724","527","527","527","0.21650581061840057","0.21650581061840057","0.21650581061840057"
"528","0.2379039078950882","0.2379039078950882","0.2379039078950882","528","528","528","0.21650579571723938","0.21650579571723938","0.21650579571723938"
"529","0.23790273070335388","0.23790273070335388","0.23790273070335388","529","529","529","0.21650584042072296","0.21650584042072296","0.21650584042072296"
"530","0.23790141940116882","0.23790141940116882","0.23790141940116882","530","530","530","0.2165057361125946","0.2165057361125946","0.2165057361125946"
"531","0.2379000037908554","0.2379000037908554","0.2379000037908554","531","531","531","0.21650570631027222","0.21650570631027222","0.21650570631027222"
"532","0.237898588180542","0.237898588180542","0.237898588180542","532","532","532","0.21650569140911102","0.21650569140911102","0.21650569140911102"
"533","0.2378973513841629","0.2378973513841629","0.2378973513841629","533","533","533","0.21650560200214386","0.21650560200214386","0.21650560200214386"
"534","0.2378958910703659","0.2378958910703659","0.2378958910703659","534","534","534","0.21650557219982147","0.21650557219982147","0.21650557219982147"
"535","0.23789449036121368","0.23789449036121368","0.23789449036121368","535","535","535","0.21650534868240356","0.21650534868240356","0.21650534868240356"
"536","0.2378932684659958","0.2378932684659958","0.2378932684659958","536","536","536","0.21650534868240356","0.21650534868240356","0.21650534868240356"
"537","0.23789182305335999","0.23789182305335999","0.23789182305335999","537","537","537","0.216505229473114","0.216505229473114","0.216505229473114"
"538","0.23789042234420776","0.23789042234420776","0.23789042234420776","538","538","538","0.21650511026382446","0.21650511026382446","0.21650511026382446"
"539","0.23788930475711823","0.23788930475711823","0.23788930475711823","539","539","539","0.21650511026382446","0.21650511026382446","0.21650511026382446"
"540","0.2378879189491272","0.2378879189491272","0.2378879189491272","540","540","540","0.2165050208568573","0.2165050208568573","0.2165050208568573"
"541","0.2378867119550705","0.2378867119550705","0.2378867119550705","541","541","541","0.2165050059556961","0.2165050059556961","0.2165050059556961"
"542","0.23788534104824066","0.23788534104824066","0.23788534104824066","542","542","542","0.21650484204292297","0.21650484204292297","0.21650484204292297"
"543","0.2378840446472168","0.2378840446472168","0.2378840446472168","543","543","543","0.21650484204292297","0.21650484204292297","0.21650484204292297"
"544","0.23788253962993622","0.23788253962993622","0.23788253962993622","544","544","544","0.2165047824382782","0.2165047824382782","0.2165047824382782"
"545","0.23788122832775116","0.23788122832775116","0.23788122832775116","545","545","545","0.2165047824382782","0.2165047824382782","0.2165047824382782"
"546","0.23787975311279297","0.23787975311279297","0.23787975311279297","546","546","546","0.2165047526359558","0.2165047526359558","0.2165047526359558"
"547","0.237878680229187","0.237878680229187","0.237878680229187","547","547","547","0.21650461852550507","0.21650461852550507","0.21650461852550507"
"548","0.23787742853164673","0.23787742853164673","0.23787742853164673","548","548","548","0.21650439500808716","0.21650439500808716","0.21650439500808716"
"549","0.2378760576248169","0.2378760576248169","0.2378760576248169","549","549","549","0.21650435030460358","0.21650435030460358","0.21650435030460358"
"550","0.23787502944469452","0.23787502944469452","0.23787502944469452","550","550","550","0.2165042608976364","0.2165042608976364","0.2165042608976364"
"551","0.23787365853786469","0.23787365853786469","0.23787365853786469","551","551","551","0.21650414168834686","0.21650414168834686","0.21650414168834686"
"552","0.23787254095077515","0.23787254095077515","0.23787254095077515","552","552","552","0.21650400757789612","0.21650400757789612","0.21650400757789612"
"553","0.23787108063697815","0.23787108063697815","0.23787108063697815","553","553","553","0.21650388836860657","0.21650388836860657","0.21650388836860657"
"554","0.2378697395324707","0.2378697395324707","0.2378697395324707","554","554","554","0.21650387346744537","0.21650387346744537","0.21650387346744537"
"555","0.23786838352680206","0.23786838352680206","0.23786838352680206","555","555","555","0.2165038287639618","0.2165038287639618","0.2165038287639618"
"556","0.237867072224617","0.237867072224617","0.237867072224617","556","556","556","0.21650364995002747","0.21650364995002747","0.21650364995002747"
"557","0.23786561191082","0.23786561191082","0.23786561191082","557","557","557","0.2165035754442215","0.2165035754442215","0.2165035754442215"
"558","0.2378641963005066","0.2378641963005066","0.2378641963005066","558","558","558","0.21650348603725433","0.21650348603725433","0.21650348603725433"
"559","0.23786267638206482","0.23786267638206482","0.23786267638206482","559","559","559","0.21650342643260956","0.21650342643260956","0.21650342643260956"
"560","0.23786146938800812","0.23786146938800812","0.23786146938800812","560","560","560","0.21650344133377075","0.21650344133377075","0.21650344133377075"
"561","0.23786012828350067","0.23786012828350067","0.23786012828350067","561","561","561","0.21650344133377075","0.21650344133377075","0.21650344133377075"
"562","0.23785877227783203","0.23785877227783203","0.23785877227783203","562","562","562","0.21650312840938568","0.21650312840938568","0.21650312840938568"
"563","0.23785720765590668","0.23785720765590668","0.23785720765590668","563","563","563","0.21650321781635284","0.21650321781635284","0.21650321781635284"
"564","0.2378562092781067","0.2378562092781067","0.2378562092781067","564","564","564","0.21650312840938568","0.21650312840938568","0.21650312840938568"
"565","0.23785486817359924","0.23785486817359924","0.23785486817359924","565","565","565","0.2165030986070633","0.2165030986070633","0.2165030986070633"
"566","0.23785348236560822","0.23785348236560822","0.23785348236560822","566","566","566","0.2165030688047409","0.2165030688047409","0.2165030688047409"
"567","0.23785221576690674","0.23785221576690674","0.23785221576690674","567","567","567","0.21650294959545135","0.21650294959545135","0.21650294959545135"
"568","0.23785093426704407","0.23785093426704407","0.23785093426704407","568","568","568","0.21650293469429016","0.21650293469429016","0.21650293469429016"
"569","0.2378496676683426","0.2378496676683426","0.2378496676683426","569","569","569","0.2165028154850006","0.2165028154850006","0.2165028154850006"
"570","0.2378481924533844","0.2378481924533844","0.2378481924533844","570","570","570","0.216502845287323","0.216502845287323","0.216502845287323"
"571","0.2378469556570053","0.2378469556570053","0.2378469556570053","571","571","571","0.21650278568267822","0.21650278568267822","0.21650278568267822"
"572","0.23784562945365906","0.23784562945365906","0.23784562945365906","572","572","572","0.21650278568267822","0.21650278568267822","0.21650278568267822"
"573","0.23784416913986206","0.23784416913986206","0.23784416913986206","573","573","573","0.21650280058383942","0.21650280058383942","0.21650280058383942"
"574","0.2378426492214203","0.2378426492214203","0.2378426492214203","574","574","574","0.21650272607803345","0.21650272607803345","0.21650272607803345"
"575","0.2378414422273636","0.2378414422273636","0.2378414422273636","575","575","575","0.2165026217699051","0.2165026217699051","0.2165026217699051"
"576","0.23784016072750092","0.23784016072750092","0.23784016072750092","576","576","576","0.21650254726409912","0.21650254726409912","0.21650254726409912"
"577","0.2378389537334442","0.2378389537334442","0.2378389537334442","577","577","577","0.21650248765945435","0.21650248765945435","0.21650248765945435"
"578","0.23783761262893677","0.23783761262893677","0.23783761262893677","578","578","578","0.2165023386478424","0.2165023386478424","0.2165023386478424"
"579","0.23783643543720245","0.23783643543720245","0.23783643543720245","579","579","579","0.21650226414203644","0.21650226414203644","0.21650226414203644"
"580","0.23783493041992188","0.23783493041992188","0.23783493041992188","580","580","580","0.21650226414203644","0.21650226414203644","0.21650226414203644"
"581","0.2378334254026413","0.2378334254026413","0.2378334254026413","581","581","581","0.2165021449327469","0.2165021449327469","0.2165021449327469"
"582","0.2378322333097458","0.2378322333097458","0.2378322333097458","582","582","582","0.216501846909523","0.216501846909523","0.216501846909523"
"583","0.23783080279827118","0.23783080279827118","0.23783080279827118","583","583","583","0.21650177240371704","0.21650177240371704","0.21650177240371704"
"584","0.2378295212984085","0.2378295212984085","0.2378295212984085","584","584","584","0.2165016531944275","0.2165016531944275","0.2165016531944275"
"585","0.2378283590078354","0.2378283590078354","0.2378283590078354","585","585","585","0.21650148928165436","0.21650148928165436","0.21650148928165436"
"586","0.23782707750797272","0.23782707750797272","0.23782707750797272","586","586","586","0.21650142967700958","0.21650142967700958","0.21650142967700958"
"587","0.23782561719417572","0.23782561719417572","0.23782561719417572","587","587","587","0.21650126576423645","0.21650126576423645","0.21650126576423645"
"588","0.23782441020011902","0.23782441020011902","0.23782441020011902","588","588","588","0.21650120615959167","0.21650120615959167","0.21650120615959167"
"589","0.2378232330083847","0.2378232330083847","0.2378232330083847","589","589","589","0.2165011465549469","0.2165011465549469","0.2165011465549469"
"590","0.23782199621200562","0.23782199621200562","0.23782199621200562","590","590","590","0.2165008932352066","0.2165008932352066","0.2165008932352066"
"591","0.23782069981098175","0.23782069981098175","0.23782069981098175","591","591","591","0.21650086343288422","0.21650086343288422","0.21650086343288422"
"592","0.23781943321228027","0.23781943321228027","0.23781943321228027","592","592","592","0.21650078892707825","0.21650078892707825","0.21650078892707825"
"593","0.2378181368112564","0.2378181368112564","0.2378181368112564","593","593","593","0.21650072932243347","0.21650072932243347","0.21650072932243347"
"594","0.2378167062997818","0.2378167062997818","0.2378167062997818","594","594","594","0.21650061011314392","0.21650061011314392","0.21650061011314392"
"595","0.23781512677669525","0.23781512677669525","0.23781512677669525","595","595","595","0.21650061011314392","0.21650061011314392","0.21650061011314392"
"596","0.23781371116638184","0.23781371116638184","0.23781371116638184","596","596","596","0.21650046110153198","0.21650046110153198","0.21650046110153198"
"597","0.23781222105026245","0.23781222105026245","0.23781222105026245","597","597","597","0.21650049090385437","0.21650049090385437","0.21650049090385437"
"598","0.23781096935272217","0.23781096935272217","0.23781096935272217","598","598","598","0.2165004462003708","0.2165004462003708","0.2165004462003708"
"599","0.23780955374240875","0.23780955374240875","0.23780955374240875","599","599","599","0.21650025248527527","0.21650025248527527","0.21650025248527527"
"600","0.23780813813209534","0.23780813813209534","0.23780813813209534","600","600","600","0.2165002077817917","0.2165002077817917","0.2165002077817917"
"601","0.23780670762062073","0.23780670762062073","0.23780670762062073","601","601","601","0.21650013327598572","0.21650013327598572","0.21650013327598572"
"602","0.23780550062656403","0.23780550062656403","0.23780550062656403","602","602","602","0.21650005877017975","0.21650005877017975","0.21650005877017975"
"603","0.2378041297197342","0.2378041297197342","0.2378041297197342","603","603","603","0.2164999097585678","0.2164999097585678","0.2164999097585678"
"604","0.23780302703380585","0.23780302703380585","0.23780302703380585","604","604","604","0.2164997160434723","0.2164997160434723","0.2164997160434723"
"605","0.23780176043510437","0.23780176043510437","0.23780176043510437","605","605","605","0.21649961173534393","0.21649961173534393","0.21649961173534393"
"606","0.23780041933059692","0.23780041933059692","0.23780041933059692","606","606","606","0.21649964153766632","0.21649964153766632","0.21649964153766632"
"607","0.23779886960983276","0.23779886960983276","0.23779886960983276","607","607","607","0.21649949252605438","0.21649949252605438","0.21649949252605438"
"608","0.2377973198890686","0.2377973198890686","0.2377973198890686","608","608","608","0.21649928390979767","0.21649928390979767","0.21649928390979767"
"609","0.23779596388339996","0.23779596388339996","0.23779596388339996","609","609","609","0.21649925410747528","0.21649925410747528","0.21649925410747528"
"610","0.23779456317424774","0.23779456317424774","0.23779456317424774","610","610","610","0.2164992392063141","0.2164992392063141","0.2164992392063141"
"611","0.23779332637786865","0.23779332637786865","0.23779332637786865","611","611","611","0.2164992243051529","0.2164992243051529","0.2164992243051529"
"612","0.23779205977916718","0.23779205977916718","0.23779205977916718","612","612","612","0.21649914979934692","0.21649914979934692","0.21649914979934692"
"613","0.23779071867465973","0.23779071867465973","0.23779071867465973","613","613","613","0.21649903059005737","0.21649903059005737","0.21649903059005737"
"614","0.23778922855854034","0.23778922855854034","0.23778922855854034","614","614","614","0.21649889647960663","0.21649889647960663","0.21649889647960663"
"615","0.23778781294822693","0.23778781294822693","0.23778781294822693","615","615","615","0.21649879217147827","0.21649879217147827","0.21649879217147827"
"616","0.23778657615184784","0.23778657615184784","0.23778657615184784","616","616","616","0.21649861335754395","0.21649861335754395","0.21649861335754395"
"617","0.23778517544269562","0.23778517544269562","0.23778517544269562","617","617","617","0.21649853885173798","0.21649853885173798","0.21649853885173798"
"618","0.23778395354747772","0.23778395354747772","0.23778395354747772","618","618","618","0.2164984941482544","0.2164984941482544","0.2164984941482544"
"619","0.23778267204761505","0.23778267204761505","0.23778267204761505","619","619","619","0.2164984941482544","0.2164984941482544","0.2164984941482544"
"620","0.23778140544891357","0.23778140544891357","0.23778140544891357","620","620","620","0.21649841964244843","0.21649841964244843","0.21649841964244843"
"621","0.23778016865253448","0.23778016865253448","0.23778016865253448","621","621","621","0.21649838984012604","0.21649838984012604","0.21649838984012604"
"622","0.23777854442596436","0.23777854442596436","0.23777854442596436","622","622","622","0.21649833023548126","0.21649833023548126","0.21649833023548126"
"623","0.23777718842029572","0.23777718842029572","0.23777718842029572","623","623","623","0.21649815142154694","0.21649815142154694","0.21649815142154694"
"624","0.2377757728099823","0.2377757728099823","0.2377757728099823","624","624","624","0.21649818122386932","0.21649818122386932","0.21649818122386932"
"625","0.23777446150779724","0.23777446150779724","0.23777446150779724","625","625","625","0.21649812161922455","0.21649812161922455","0.21649812161922455"
"626","0.23777303099632263","0.23777303099632263","0.23777303099632263","626","626","626","0.2164979726076126","0.2164979726076126","0.2164979726076126"
"627","0.23777148127555847","0.23777148127555847","0.23777148127555847","627","627","627","0.21649782359600067","0.21649782359600067","0.21649782359600067"
"628","0.2377701699733734","0.2377701699733734","0.2377701699733734","628","628","628","0.21649782359600067","0.21649782359600067","0.21649782359600067"
"629","0.23776875436306","0.23776875436306","0.23776875436306","629","629","629","0.21649780869483948","0.21649780869483948","0.21649780869483948"
"630","0.2377673238515854","0.2377673238515854","0.2377673238515854","630","630","630","0.2164977639913559","0.2164977639913559","0.2164977639913559"
"631","0.2377660721540451","0.2377660721540451","0.2377660721540451","631","631","631","0.2164977341890335","0.2164977341890335","0.2164977341890335"
"632","0.23776458203792572","0.23776458203792572","0.23776458203792572","632","632","632","0.21649770438671112","0.21649770438671112","0.21649770438671112"
"633","0.23776325583457947","0.23776325583457947","0.23776325583457947","633","633","633","0.21649765968322754","0.21649765968322754","0.21649765968322754"
"634","0.237761989235878","0.237761989235878","0.237761989235878","634","634","634","0.21649760007858276","0.21649760007858276","0.21649760007858276"
"635","0.23776069283485413","0.23776069283485413","0.23776069283485413","635","635","635","0.21649758517742157","0.21649758517742157","0.21649758517742157"
"636","0.23775939643383026","0.23775939643383026","0.23775939643383026","636","636","636","0.2164975106716156","0.2164975106716156","0.2164975106716156"
"637","0.23775802552700043","0.23775802552700043","0.23775802552700043","637","637","637","0.21649742126464844","0.21649742126464844","0.21649742126464844"
"638","0.237756609916687","0.237756609916687","0.237756609916687","638","638","638","0.2164972871541977","0.2164972871541977","0.2164972871541977"
"639","0.23775532841682434","0.23775532841682434","0.23775532841682434","639","639","639","0.2164972871541977","0.2164972871541977","0.2164972871541977"
"640","0.23775416612625122","0.23775416612625122","0.23775416612625122","640","640","640","0.21649706363677979","0.21649706363677979","0.21649706363677979"
"641","0.23775281012058258","0.23775281012058258","0.23775281012058258","641","641","641","0.2164970487356186","0.2164970487356186","0.2164970487356186"
"642","0.23775137960910797","0.23775137960910797","0.23775137960910797","642","642","642","0.21649670600891113","0.21649670600891113","0.21649670600891113"
"643","0.23775020241737366","0.23775020241737366","0.23775020241737366","643","643","643","0.21649672091007233","0.21649672091007233","0.21649672091007233"
"644","0.23774893581867218","0.23774893581867218","0.23774893581867218","644","644","644","0.21649648249149323","0.21649648249149323","0.21649648249149323"
"645","0.23774774372577667","0.23774774372577667","0.23774774372577667","645","645","645","0.2164965271949768","0.2164965271949768","0.2164965271949768"
"646","0.23774637281894684","0.23774637281894684","0.23774637281894684","646","646","646","0.21649639308452606","0.21649639308452606","0.21649639308452606"
"647","0.23774504661560059","0.23774504661560059","0.23774504661560059","647","647","647","0.21649639308452606","0.21649639308452606","0.21649639308452606"
"648","0.23774369060993195","0.23774369060993195","0.23774369060993195","648","648","648","0.2164963185787201","0.2164963185787201","0.2164963185787201"
"649","0.23774240911006927","0.23774240911006927","0.23774240911006927","649","649","649","0.2164963185787201","0.2164963185787201","0.2164963185787201"
"650","0.23774097859859467","0.23774097859859467","0.23774097859859467","650","650","650","0.21649621427059174","0.21649621427059174","0.21649621427059174"
"651","0.23773951828479767","0.23773951828479767","0.23773951828479767","651","651","651","0.21649613976478577","0.21649613976478577","0.21649613976478577"
"652","0.23773819208145142","0.23773819208145142","0.23773819208145142","652","652","652","0.21649576723575592","0.21649576723575592","0.21649576723575592"
"653","0.23773682117462158","0.23773682117462158","0.23773682117462158","653","653","653","0.21649578213691711","0.21649578213691711","0.21649578213691711"
"654","0.23773537576198578","0.23773537576198578","0.23773537576198578","654","654","654","0.21649569272994995","0.21649569272994995","0.21649569272994995"
"655","0.2377338856458664","0.2377338856458664","0.2377338856458664","655","655","655","0.21649561822414398","0.21649561822414398","0.21649561822414398"
"656","0.23773255944252014","0.23773255944252014","0.23773255944252014","656","656","656","0.21649546921253204","0.21649546921253204","0.21649546921253204"
"657","0.23773136734962463","0.23773136734962463","0.23773136734962463","657","657","657","0.21649537980556488","0.21649537980556488","0.21649537980556488"
"658","0.23772989213466644","0.23772989213466644","0.23772989213466644","658","658","658","0.2164950668811798","0.2164950668811798","0.2164950668811798"
"659","0.23772850632667542","0.23772850632667542","0.23772850632667542","659","659","659","0.21649499237537384","0.21649499237537384","0.21649499237537384"
"660","0.23772720992565155","0.23772720992565155","0.23772720992565155","660","660","660","0.21649500727653503","0.21649500727653503","0.21649500727653503"
"661","0.23772604763507843","0.23772604763507843","0.23772604763507843","661","661","661","0.21649494767189026","0.21649494767189026","0.21649494767189026"
"662","0.2377246916294098","0.2377246916294098","0.2377246916294098","662","662","662","0.21649493277072906","0.21649493277072906","0.21649493277072906"
"663","0.23772336542606354","0.23772336542606354","0.23772336542606354","663","663","663","0.21649490296840668","0.21649490296840668","0.21649490296840668"
"664","0.2377219796180725","0.2377219796180725","0.2377219796180725","664","664","664","0.2164948582649231","0.2164948582649231","0.2164948582649231"
"665","0.23772045969963074","0.23772045969963074","0.23772045969963074","665","665","665","0.21649478375911713","0.21649478375911713","0.21649478375911713"
"666","0.23771926760673523","0.23771926760673523","0.23771926760673523","666","666","666","0.21649479866027832","0.21649479866027832","0.21649479866027832"
"667","0.23771803081035614","0.23771803081035614","0.23771803081035614","667","667","667","0.21649466454982758","0.21649466454982758","0.21649466454982758"
"668","0.23771686851978302","0.23771686851978302","0.23771686851978302","668","668","668","0.2164943814277649","0.2164943814277649","0.2164943814277649"
"669","0.23771534860134125","0.23771534860134125","0.23771534860134125","669","669","669","0.2164943814277649","0.2164943814277649","0.2164943814277649"
"670","0.23771417140960693","0.23771417140960693","0.23771417140960693","670","670","670","0.21649424731731415","0.21649424731731415","0.21649424731731415"
"671","0.2377125471830368","0.2377125471830368","0.2377125471830368","671","671","671","0.21649420261383057","0.21649420261383057","0.21649420261383057"
"672","0.23771116137504578","0.23771116137504578","0.23771116137504578","672","672","672","0.21649418771266937","0.21649418771266937","0.21649418771266937"
"673","0.2377098947763443","0.2377098947763443","0.2377098947763443","673","673","673","0.2164941132068634","0.2164941132068634","0.2164941132068634"
"674","0.2377084642648697","0.2377084642648697","0.2377084642648697","674","674","674","0.2164940983057022","0.2164940983057022","0.2164940983057022"
"675","0.23770709335803986","0.23770709335803986","0.23770709335803986","675","675","675","0.21649406850337982","0.21649406850337982","0.21649406850337982"
"676","0.23770563304424286","0.23770563304424286","0.23770563304424286","676","676","676","0.21649393439292908","0.21649393439292908","0.21649393439292908"
"677","0.2377043217420578","0.2377043217420578","0.2377043217420578","677","677","677","0.21649381518363953","0.21649381518363953","0.21649381518363953"
"678","0.23770290613174438","0.23770290613174438","0.23770290613174438","678","678","678","0.21649374067783356","0.21649374067783356","0.21649374067783356"
"679","0.2377016544342041","0.2377016544342041","0.2377016544342041","679","679","679","0.21649372577667236","0.21649372577667236","0.21649372577667236"
"680","0.2377001792192459","0.2377001792192459","0.2377001792192459","680","680","680","0.21649354696273804","0.21649354696273804","0.21649354696273804"
"681","0.2376987487077713","0.2376987487077713","0.2376987487077713","681","681","681","0.2164934128522873","0.2164934128522873","0.2164934128522873"
"682","0.23769724369049072","0.23769724369049072","0.23769724369049072","682","682","682","0.21649333834648132","0.21649333834648132","0.21649333834648132"
"683","0.23769597709178925","0.23769597709178925","0.23769597709178925","683","683","683","0.2164933681488037","0.2164933681488037","0.2164933681488037"
"684","0.2376943677663803","0.2376943677663803","0.2376943677663803","684","684","684","0.21649329364299774","0.21649329364299774","0.21649329364299774"
"685","0.23769323527812958","0.23769323527812958","0.23769323527812958","685","685","685","0.21649308502674103","0.21649308502674103","0.21649308502674103"
"686","0.23769181966781616","0.23769181966781616","0.23769181966781616","686","686","686","0.2164929360151291","0.2164929360151291","0.2164929360151291"
"687","0.23769059777259827","0.23769059777259827","0.23769059777259827","687","687","687","0.21649283170700073","0.21649283170700073","0.21649283170700073"
"688","0.23768921196460724","0.23768921196460724","0.23768921196460724","688","688","688","0.2164926826953888","0.2164926826953888","0.2164926826953888"
"689","0.2376876324415207","0.2376876324415207","0.2376876324415207","689","689","689","0.21649260818958282","0.21649260818958282","0.21649260818958282"
"690","0.2376861423254013","0.2376861423254013","0.2376861423254013","690","690","690","0.21649257838726044","0.21649257838726044","0.21649257838726044"
"691","0.23768478631973267","0.23768478631973267","0.23768478631973267","691","691","691","0.21649253368377686","0.21649253368377686","0.21649253368377686"
"692","0.23768365383148193","0.23768365383148193","0.23768365383148193","692","692","692","0.2164924144744873","0.2164924144744873","0.2164924144744873"
"693","0.23768214881420135","0.23768214881420135","0.23768214881420135","693","693","693","0.21649231016635895","0.21649231016635895","0.21649231016635895"
"694","0.23768079280853271","0.23768079280853271","0.23768079280853271","694","694","694","0.21649232506752014","0.21649232506752014","0.21649232506752014"
"695","0.23767949640750885","0.23767949640750885","0.23767949640750885","695","695","695","0.21649223566055298","0.21649223566055298","0.21649223566055298"
"696","0.23767812550067902","0.23767812550067902","0.23767812550067902","696","696","696","0.2164921760559082","0.2164921760559082","0.2164921760559082"
"697","0.23767678439617157","0.23767678439617157","0.23767678439617157","697","697","697","0.2164921760559082","0.2164921760559082","0.2164921760559082"
"698","0.2376755028963089","0.2376755028963089","0.2376755028963089","698","698","698","0.21649214625358582","0.21649214625358582","0.21649214625358582"
"699","0.23767416179180145","0.23767416179180145","0.23767416179180145","699","699","699","0.21649204194545746","0.21649204194545746","0.21649204194545746"
"700","0.23767273128032684","0.23767273128032684","0.23767273128032684","700","700","700","0.21649202704429626","0.21649202704429626","0.21649202704429626"
"701","0.23767143487930298","0.23767143487930298","0.23767143487930298","701","701","701","0.21649204194545746","0.21649204194545746","0.21649204194545746"
"702","0.23766988515853882","0.23766988515853882","0.23766988515853882","702","702","702","0.21649199724197388","0.21649199724197388","0.21649199724197388"
"703","0.23766885697841644","0.23766885697841644","0.23766885697841644","703","703","703","0.21649181842803955","0.21649181842803955","0.21649181842803955"
"704","0.23766736686229706","0.23766736686229706","0.23766736686229706","704","704","704","0.21649169921875","0.21649169921875","0.21649169921875"
"705","0.23766596615314484","0.23766596615314484","0.23766596615314484","705","705","705","0.21649150550365448","0.21649150550365448","0.21649150550365448"
"706","0.2376646250486374","0.2376646250486374","0.2376646250486374","706","706","706","0.21649134159088135","0.21649134159088135","0.21649134159088135"
"707","0.2376634031534195","0.2376634031534195","0.2376634031534195","707","707","707","0.21649125218391418","0.21649125218391418","0.21649125218391418"
"708","0.23766206204891205","0.23766206204891205","0.23766206204891205","708","708","708","0.21649104356765747","0.21649104356765747","0.21649104356765747"
"709","0.2376604825258255","0.2376604825258255","0.2376604825258255","709","709","709","0.21649089455604553","0.21649089455604553","0.21649089455604553"
"710","0.23765933513641357","0.23765933513641357","0.23765933513641357","710","710","710","0.21649086475372314","0.21649086475372314","0.21649086475372314"
"711","0.2376578450202942","0.2376578450202942","0.2376578450202942","711","711","711","0.21649086475372314","0.21649086475372314","0.21649086475372314"
"712","0.23765665292739868","0.23765665292739868","0.23765665292739868","712","712","712","0.2164907306432724","0.2164907306432724","0.2164907306432724"
"713","0.23765529692173004","0.23765529692173004","0.23765529692173004","713","713","713","0.21649061143398285","0.21649061143398285","0.21649061143398285"
"714","0.23765374720096588","0.23765374720096588","0.23765374720096588","714","714","714","0.21649053692817688","0.21649053692817688","0.21649053692817688"
"715","0.23765221238136292","0.23765221238136292","0.23765221238136292","715","715","715","0.21649008989334106","0.21649008989334106","0.21649008989334106"
"716","0.2376510500907898","0.2376510500907898","0.2376510500907898","716","716","716","0.21649006009101868","0.21649006009101868","0.21649006009101868"
"717","0.23764975368976593","0.23764975368976593","0.23764975368976593","717","717","717","0.21648991107940674","0.21648991107940674","0.21648991107940674"
"718","0.23764842748641968","0.23764842748641968","0.23764842748641968","718","718","718","0.2164897918701172","0.2164897918701172","0.2164897918701172"
"719","0.23764708638191223","0.23764708638191223","0.23764708638191223","719","719","719","0.2164897322654724","0.2164897322654724","0.2164897322654724"
"720","0.23764581978321075","0.23764581978321075","0.23764581978321075","720","720","720","0.21648970246315002","0.21648970246315002","0.21648970246315002"
"721","0.23764458298683167","0.23764458298683167","0.23764458298683167","721","721","721","0.21648959815502167","0.21648959815502167","0.21648959815502167"
"722","0.23764339089393616","0.23764339089393616","0.23764339089393616","722","722","722","0.21648947894573212","0.21648947894573212","0.21648947894573212"
"723","0.23764213919639587","0.23764213919639587","0.23764213919639587","723","723","723","0.21648940443992615","0.21648940443992615","0.21648940443992615"
"724","0.23764115571975708","0.23764115571975708","0.23764115571975708","724","724","724","0.21648931503295898","0.21648931503295898","0.21648931503295898"
"725","0.23763979971408844","0.23763979971408844","0.23763979971408844","725","725","725","0.2164893001317978","0.2164893001317978","0.2164893001317978"
"726","0.23763854801654816","0.23763854801654816","0.23763854801654816","726","726","726","0.21648913621902466","0.21648913621902466","0.21648913621902466"
"727","0.23763704299926758","0.23763704299926758","0.23763704299926758","727","727","727","0.21648888289928436","0.21648888289928436","0.21648888289928436"
"728","0.23763565719127655","0.23763565719127655","0.23763565719127655","728","728","728","0.21648861467838287","0.21648861467838287","0.21648861467838287"
"729","0.23763445019721985","0.23763445019721985","0.23763445019721985","729","729","729","0.21648871898651123","0.21648871898651123","0.21648871898651123"
"730","0.23763327300548553","0.23763327300548553","0.23763327300548553","730","730","730","0.21648867428302765","0.21648867428302765","0.21648867428302765"
"731","0.2376319169998169","0.2376319169998169","0.2376319169998169","731","731","731","0.21648859977722168","0.21648859977722168","0.21648859977722168"
"732","0.23763056099414825","0.23763056099414825","0.23763056099414825","732","732","732","0.21648859977722168","0.21648859977722168","0.21648859977722168"
"733","0.23762942850589752","0.23762942850589752","0.23762942850589752","733","733","733","0.2164885252714157","0.2164885252714157","0.2164885252714157"
"734","0.23762807250022888","0.23762807250022888","0.23762807250022888","734","734","734","0.21648858487606049","0.21648858487606049","0.21648858487606049"
"735","0.23762671649456024","0.23762671649456024","0.23762671649456024","735","735","735","0.21648851037025452","0.21648851037025452","0.21648851037025452"
"736","0.2376253306865692","0.2376253306865692","0.2376253306865692","736","736","736","0.21648839116096497","0.21648839116096497","0.21648839116096497"
"737","0.23762407898902893","0.23762407898902893","0.23762407898902893","737","737","737","0.21648837625980377","0.21648837625980377","0.21648837625980377"
"738","0.23762266337871552","0.23762266337871552","0.23762266337871552","738","738","738","0.21648836135864258","0.21648836135864258","0.21648836135864258"
"739","0.23762144148349762","0.23762144148349762","0.23762144148349762","739","739","739","0.21648836135864258","0.21648836135864258","0.21648836135864258"
"740","0.2376200258731842","0.2376200258731842","0.2376200258731842","740","740","740","0.2164882868528366","0.2164882868528366","0.2164882868528366"
"741","0.2376188188791275","0.2376188188791275","0.2376188188791275","741","741","741","0.21648822724819183","0.21648822724819183","0.21648822724819183"
"742","0.2376173883676529","0.2376173883676529","0.2376173883676529","742","742","742","0.2164880484342575","0.2164880484342575","0.2164880484342575"
"743","0.23761604726314545","0.23761604726314545","0.23761604726314545","743","743","743","0.2164878398180008","0.2164878398180008","0.2164878398180008"
"744","0.2376146912574768","0.2376146912574768","0.2376146912574768","744","744","744","0.21648767590522766","0.21648767590522766","0.21648767590522766"
"745","0.23761332035064697","0.23761332035064697","0.23761332035064697","745","745","745","0.21648766100406647","0.21648766100406647","0.21648766100406647"
"746","0.23761220276355743","0.23761220276355743","0.23761220276355743","746","746","746","0.21648766100406647","0.21648766100406647","0.21648766100406647"
"747","0.23761069774627686","0.23761069774627686","0.23761069774627686","747","747","747","0.2164876013994217","0.2164876013994217","0.2164876013994217"
"748","0.23760953545570374","0.23760953545570374","0.23760953545570374","748","748","748","0.21648745238780975","0.21648745238780975","0.21648745238780975"
"749","0.23760822415351868","0.23760822415351868","0.23760822415351868","749","749","749","0.21648727357387543","0.21648727357387543","0.21648727357387543"
"750","0.2376069724559784","0.2376069724559784","0.2376069724559784","750","750","750","0.21648721396923065","0.21648721396923065","0.21648721396923065"
"751","0.23760561645030975","0.23760561645030975","0.23760561645030975","751","751","751","0.21648722887039185","0.21648722887039185","0.21648722887039185"
"752","0.23760443925857544","0.23760443925857544","0.23760443925857544","752","752","752","0.2164871096611023","0.2164871096611023","0.2164871096611023"
"753","0.23760315775871277","0.23760315775871277","0.23760315775871277","753","753","753","0.2164870947599411","0.2164870947599411","0.2164870947599411"
"754","0.23760177195072174","0.23760177195072174","0.23760177195072174","754","754","754","0.21648700535297394","0.21648700535297394","0.21648700535297394"
"755","0.23760050535202026","0.23760050535202026","0.23760050535202026","755","755","755","0.21648696064949036","0.21648696064949036","0.21648696064949036"
"756","0.23759911954402924","0.23759911954402924","0.23759911954402924","756","756","756","0.21648699045181274","0.21648699045181274","0.21648699045181274"
"757","0.23759759962558746","0.23759759962558746","0.23759759962558746","757","757","757","0.216486856341362","0.216486856341362","0.216486856341362"
"758","0.23759613931179047","0.23759613931179047","0.23759613931179047","758","758","758","0.21648681163787842","0.21648681163787842","0.21648681163787842"
"759","0.23759475350379944","0.23759475350379944","0.23759475350379944","759","759","759","0.21648664772510529","0.21648664772510529","0.21648664772510529"
"760","0.23759357631206512","0.23759357631206512","0.23759357631206512","760","760","760","0.21648649871349335","0.21648649871349335","0.21648649871349335"
"761","0.23759230971336365","0.23759230971336365","0.23759230971336365","761","761","761","0.21648624539375305","0.21648624539375305","0.21648624539375305"
"762","0.23759117722511292","0.23759117722511292","0.23759117722511292","762","762","762","0.21648608148097992","0.21648608148097992","0.21648608148097992"
"763","0.23758995532989502","0.23758995532989502","0.23758995532989502","763","763","763","0.21648605167865753","0.21648605167865753","0.21648605167865753"
"764","0.237588569521904","0.237588569521904","0.237588569521904","764","764","764","0.21648600697517395","0.21648600697517395","0.21648600697517395"
"765","0.23758724331855774","0.23758724331855774","0.23758724331855774","765","765","765","0.2164858728647232","0.2164858728647232","0.2164858728647232"
"766","0.23758576810359955","0.23758576810359955","0.23758576810359955","766","766","766","0.2164856493473053","0.2164856493473053","0.2164856493473053"
"767","0.2375844419002533","0.2375844419002533","0.2375844419002533","767","767","767","0.21648557484149933","0.21648557484149933","0.21648557484149933"
"768","0.2375832200050354","0.2375832200050354","0.2375832200050354","768","768","768","0.21648548543453217","0.21648548543453217","0.21648548543453217"
"769","0.23758187890052795","0.23758187890052795","0.23758187890052795","769","769","769","0.21648545563220978","0.21648545563220978","0.21648545563220978"
"770","0.23758052289485931","0.23758052289485931","0.23758052289485931","770","770","770","0.21648544073104858","0.21648544073104858","0.21648544073104858"
"771","0.23757922649383545","0.23757922649383545","0.23757922649383545","771","771","771","0.21648524701595306","0.21648524701595306","0.21648524701595306"
"772","0.23757806420326233","0.23757806420326233","0.23757806420326233","772","772","772","0.2164851725101471","0.2164851725101471","0.2164851725101471"
"773","0.2375769019126892","0.2375769019126892","0.2375769019126892","773","773","773","0.21648499369621277","0.21648499369621277","0.21648499369621277"
"774","0.2375756949186325","0.2375756949186325","0.2375756949186325","774","774","774","0.21648500859737396","0.21648500859737396","0.21648500859737396"
"775","0.23757429420948029","0.23757429420948029","0.23757429420948029","775","775","775","0.21648499369621277","0.21648499369621277","0.21648499369621277"
"776","0.23757290840148926","0.23757290840148926","0.23757290840148926","776","776","776","0.21648482978343964","0.21648482978343964","0.21648482978343964"
"777","0.23757189512252808","0.23757189512252808","0.23757189512252808","777","777","777","0.2164846658706665","0.2164846658706665","0.2164846658706665"
"778","0.23757044970989227","0.23757044970989227","0.23757044970989227","778","778","778","0.2164846509695053","0.2164846509695053","0.2164846509695053"
"779","0.23756913840770721","0.23756913840770721","0.23756913840770721","779","779","779","0.21648451685905457","0.21648451685905457","0.21648451685905457"
"780","0.23756788671016693","0.23756788671016693","0.23756788671016693","780","780","780","0.21648439764976501","0.21648439764976501","0.21648439764976501"
"781","0.23756642639636993","0.23756642639636993","0.23756642639636993","781","781","781","0.21648414433002472","0.21648414433002472","0.21648414433002472"
"782","0.23756523430347443","0.23756523430347443","0.23756523430347443","782","782","782","0.21648409962654114","0.21648409962654114","0.21648409962654114"
"783","0.23756393790245056","0.23756393790245056","0.23756393790245056","783","783","783","0.21648389101028442","0.21648389101028442","0.21648389101028442"
"784","0.2375626415014267","0.2375626415014267","0.2375626415014267","784","784","784","0.21648383140563965","0.21648383140563965","0.21648383140563965"
"785","0.23756131529808044","0.23756131529808044","0.23756131529808044","785","785","785","0.2164836823940277","0.2164836823940277","0.2164836823940277"
"786","0.23756000399589539","0.23756000399589539","0.23756000399589539","786","786","786","0.2164837121963501","0.2164837121963501","0.2164837121963501"
"787","0.23755893111228943","0.23755893111228943","0.23755893111228943","787","787","787","0.21648365259170532","0.21648365259170532","0.21648365259170532"
"788","0.23755772411823273","0.23755772411823273","0.23755772411823273","788","788","788","0.21648357808589935","0.21648357808589935","0.21648357808589935"
"789","0.23755638301372528","0.23755638301372528","0.23755638301372528","789","789","789","0.21648350358009338","0.21648350358009338","0.21648350358009338"
"790","0.23755507171154022","0.23755507171154022","0.23755507171154022","790","790","790","0.21648342907428741","0.21648342907428741","0.21648342907428741"
"791","0.23755377531051636","0.23755377531051636","0.23755377531051636","791","791","791","0.21648342907428741","0.21648342907428741","0.21648342907428741"
"792","0.2375527024269104","0.2375527024269104","0.2375527024269104","792","792","792","0.21648336946964264","0.21648336946964264","0.21648336946964264"
"793","0.2375514656305313","0.2375514656305313","0.2375514656305313","793","793","793","0.21648338437080383","0.21648338437080383","0.21648338437080383"
"794","0.2375500351190567","0.2375500351190567","0.2375500351190567","794","794","794","0.21648336946964264","0.21648336946964264","0.21648336946964264"
"795","0.2375487983226776","0.2375487983226776","0.2375487983226776","795","795","795","0.21648335456848145","0.21648335456848145","0.21648335456848145"
"796","0.23754742741584778","0.23754742741584778","0.23754742741584778","796","796","796","0.21648326516151428","0.21648326516151428","0.21648326516151428"
"797","0.23754620552062988","0.23754620552062988","0.23754620552062988","797","797","797","0.2164832055568695","0.2164832055568695","0.2164832055568695"
"798","0.23754505813121796","0.23754505813121796","0.23754505813121796","798","798","798","0.21648317575454712","0.21648317575454712","0.21648317575454712"
"799","0.23754364252090454","0.23754364252090454","0.23754364252090454","799","799","799","0.2164829969406128","0.2164829969406128","0.2164829969406128"
"800","0.23754245042800903","0.23754245042800903","0.23754245042800903","800","800","800","0.21648308634757996","0.21648308634757996","0.21648308634757996"
"801","0.23754112422466278","0.23754112422466278","0.23754112422466278","801","801","801","0.21648302674293518","0.21648302674293518","0.21648302674293518"
"802","0.23753951489925385","0.23753951489925385","0.23753951489925385","802","802","802","0.21648308634757996","0.21648308634757996","0.21648308634757996"
"803","0.23753824830055237","0.23753824830055237","0.23753824830055237","803","803","803","0.21648305654525757","0.21648305654525757","0.21648305654525757"
"804","0.2375369518995285","0.2375369518995285","0.2375369518995285","804","804","804","0.21648293733596802","0.21648293733596802","0.21648293733596802"
"805","0.23753584921360016","0.23753584921360016","0.23753584921360016","805","805","805","0.21648290753364563","0.21648290753364563","0.21648290753364563"
"806","0.23753461241722107","0.23753461241722107","0.23753461241722107","806","806","806","0.2164827287197113","0.2164827287197113","0.2164827287197113"
"807","0.2375333458185196","0.2375333458185196","0.2375333458185196","807","807","807","0.2164827287197113","0.2164827287197113","0.2164827287197113"
"808","0.23753196001052856","0.23753196001052856","0.23753196001052856","808","808","808","0.21648269891738892","0.21648269891738892","0.21648269891738892"
"809","0.2375303953886032","0.2375303953886032","0.2375303953886032","809","809","809","0.2164825052022934","0.2164825052022934","0.2164825052022934"
"810","0.23752890527248383","0.23752890527248383","0.23752890527248383","810","810","810","0.21648254990577698","0.21648254990577698","0.21648254990577698"
"811","0.23752766847610474","0.23752766847610474","0.23752766847610474","811","811","811","0.21648257970809937","0.21648257970809937","0.21648257970809937"
"812","0.2375262975692749","0.2375262975692749","0.2375262975692749","812","812","812","0.2164825052022934","0.2164825052022934","0.2164825052022934"
"813","0.23752497136592865","0.23752497136592865","0.23752497136592865","813","813","813","0.21648241579532623","0.21648241579532623","0.21648241579532623"
"814","0.23752360045909882","0.23752360045909882","0.23752360045909882","814","814","814","0.21648229658603668","0.21648229658603668","0.21648229658603668"
"815","0.23752239346504211","0.23752239346504211","0.23752239346504211","815","815","815","0.21648216247558594","0.21648216247558594","0.21648216247558594"
"816","0.2375209629535675","0.2375209629535675","0.2375209629535675","816","816","816","0.21648205816745758","0.21648205816745758","0.21648205816745758"
"817","0.23751972615718842","0.23751972615718842","0.23751972615718842","817","817","817","0.21648210287094116","0.21648210287094116","0.21648210287094116"
"818","0.23751826584339142","0.23751826584339142","0.23751826584339142","818","818","818","0.21648210287094116","0.21648210287094116","0.21648210287094116"
"819","0.23751704394817352","0.23751704394817352","0.23751704394817352","819","819","819","0.21648196876049042","0.21648196876049042","0.21648196876049042"
"820","0.23751553893089294","0.23751553893089294","0.23751553893089294","820","820","820","0.21648183465003967","0.21648183465003967","0.21648183465003967"
"821","0.23751401901245117","0.23751401901245117","0.23751401901245117","821","821","821","0.21648183465003967","0.21648183465003967","0.21648183465003967"
"822","0.23751257359981537","0.23751257359981537","0.23751257359981537","822","822","822","0.2164817899465561","0.2164817899465561","0.2164817899465561"
"823","0.23751124739646912","0.23751124739646912","0.23751124739646912","823","823","823","0.21648173034191132","0.21648173034191132","0.21648173034191132"
"824","0.23751018941402435","0.23751018941402435","0.23751018941402435","824","824","824","0.21648167073726654","0.21648167073726654","0.21648167073726654"
"825","0.23750872910022736","0.23750872910022736","0.23750872910022736","825","825","825","0.21648147702217102","0.21648147702217102","0.21648147702217102"
"826","0.23750749230384827","0.23750749230384827","0.23750749230384827","826","826","826","0.21648141741752625","0.21648141741752625","0.21648141741752625"
"827","0.2375062108039856","0.2375062108039856","0.2375062108039856","827","827","827","0.21648140251636505","0.21648140251636505","0.21648140251636505"
"828","0.23750463128089905","0.23750463128089905","0.23750463128089905","828","828","828","0.21648134291172028","0.21648134291172028","0.21648134291172028"
"829","0.23750346899032593","0.23750346899032593","0.23750346899032593","829","829","829","0.21648137271404266","0.21648137271404266","0.21648137271404266"
"830","0.23750227689743042","0.23750227689743042","0.23750227689743042","830","830","830","0.21648137271404266","0.21648137271404266","0.21648137271404266"
"831","0.23750120401382446","0.23750120401382446","0.23750120401382446","831","831","831","0.2164813131093979","0.2164813131093979","0.2164813131093979"
"832","0.2374999225139618","0.2374999225139618","0.2374999225139618","832","832","832","0.2164812833070755","0.2164812833070755","0.2164812833070755"
"833","0.23749859631061554","0.23749859631061554","0.23749859631061554","833","833","833","0.21648119390010834","0.21648119390010834","0.21648119390010834"
"834","0.23749712109565735","0.23749712109565735","0.23749712109565735","834","834","834","0.21648119390010834","0.21648119390010834","0.21648119390010834"
"835","0.23749569058418274","0.23749569058418274","0.23749569058418274","835","835","835","0.21648110449314117","0.21648110449314117","0.21648110449314117"
"836","0.23749417066574097","0.23749417066574097","0.23749417066574097","836","836","836","0.21648095548152924","0.21648095548152924","0.21648095548152924"
"837","0.2374928891658783","0.2374928891658783","0.2374928891658783","837","837","837","0.2164808213710785","0.2164808213710785","0.2164808213710785"
"838","0.23749184608459473","0.23749184608459473","0.23749184608459473","838","838","838","0.21648083627223969","0.21648083627223969","0.21648083627223969"
"839","0.23749013245105743","0.23749013245105743","0.23749013245105743","839","839","839","0.21648070216178894","0.21648070216178894","0.21648070216178894"
"840","0.23748897016048431","0.23748897016048431","0.23748897016048431","840","840","840","0.21648049354553223","0.21648049354553223","0.21648049354553223"
"841","0.2374875843524933","0.2374875843524933","0.2374875843524933","841","841","841","0.21648043394088745","0.21648043394088745","0.21648043394088745"
"842","0.23748624324798584","0.23748624324798584","0.23748624324798584","842","842","842","0.2164802998304367","0.2164802998304367","0.2164802998304367"
"843","0.23748517036437988","0.23748517036437988","0.23748517036437988","843","843","843","0.2164803147315979","0.2164803147315979","0.2164803147315979"
"844","0.23748396337032318","0.23748396337032318","0.23748396337032318","844","844","844","0.21648019552230835","0.21648019552230835","0.21648019552230835"
"845","0.23748266696929932","0.23748266696929932","0.23748266696929932","845","845","845","0.21647997200489044","0.21647997200489044","0.21647997200489044"
"846","0.2374812364578247","0.2374812364578247","0.2374812364578247","846","846","846","0.21647992730140686","0.21647992730140686","0.21647992730140686"
"847","0.23747999966144562","0.23747999966144562","0.23747999966144562","847","847","847","0.21647986769676208","0.21647986769676208","0.21647986769676208"
"848","0.23747891187667847","0.23747891187667847","0.23747891187667847","848","848","848","0.2164798527956009","0.2164798527956009","0.2164798527956009"
"849","0.23747766017913818","0.23747766017913818","0.23747766017913818","849","849","849","0.21647974848747253","0.21647974848747253","0.21647974848747253"
"850","0.23747621476650238","0.23747621476650238","0.23747621476650238","850","850","850","0.21647971868515015","0.21647971868515015","0.21647971868515015"
"851","0.23747478425502777","0.23747478425502777","0.23747478425502777","851","851","851","0.21647970378398895","0.21647970378398895","0.21647970378398895"
"852","0.23747354745864868","0.23747354745864868","0.23747354745864868","852","852","852","0.21647970378398895","0.21647970378398895","0.21647970378398895"
"853","0.2374720424413681","0.2374720424413681","0.2374720424413681","853","853","853","0.21647971868515015","0.21647971868515015","0.21647971868515015"
"854","0.23747077584266663","0.23747077584266663","0.23747077584266663","854","854","854","0.2164795994758606","0.2164795994758606","0.2164795994758606"
"855","0.23746956884860992","0.23746956884860992","0.23746956884860992","855","855","855","0.21647953987121582","0.21647953987121582","0.21647953987121582"
"856","0.23746836185455322","0.23746836185455322","0.23746836185455322","856","856","856","0.21647939085960388","0.21647939085960388","0.21647939085960388"
"857","0.23746708035469055","0.23746708035469055","0.23746708035469055","857","857","857","0.21647919714450836","0.21647919714450836","0.21647919714450836"
"858","0.23746579885482788","0.23746579885482788","0.23746579885482788","858","858","858","0.21647918224334717","0.21647918224334717","0.21647918224334717"
"859","0.23746435344219208","0.23746435344219208","0.23746435344219208","859","859","859","0.2164791226387024","0.2164791226387024","0.2164791226387024"
"860","0.23746320605278015","0.23746320605278015","0.23746320605278015","860","860","860","0.21647903323173523","0.21647903323173523","0.21647903323173523"
"861","0.23746204376220703","0.23746204376220703","0.23746204376220703","861","861","861","0.21647898852825165","0.21647898852825165","0.21647898852825165"
"862","0.23746056854724884","0.23746056854724884","0.23746056854724884","862","862","862","0.21647879481315613","0.21647879481315613","0.21647879481315613"
"863","0.23745934665203094","0.23745934665203094","0.23745934665203094","863","863","863","0.21647880971431732","0.21647880971431732","0.21647880971431732"
"864","0.2374580204486847","0.2374580204486847","0.2374580204486847","864","864","864","0.21647875010967255","0.21647875010967255","0.21647875010967255"
"865","0.2374567985534668","0.2374567985534668","0.2374567985534668","865","865","865","0.21647869050502777","0.21647869050502777","0.21647869050502777"
"866","0.23745544254779816","0.23745544254779816","0.23745544254779816","866","866","866","0.21647866070270538","0.21647866070270538","0.21647866070270538"
"867","0.23745426535606384","0.23745426535606384","0.23745426535606384","867","867","867","0.21647857129573822","0.21647857129573822","0.21647857129573822"
"868","0.23745271563529968","0.23745271563529968","0.23745271563529968","868","868","868","0.21647848188877106","0.21647848188877106","0.21647848188877106"
"869","0.23745159804821014","0.23745159804821014","0.23745159804821014","869","869","869","0.2164784073829651","0.2164784073829651","0.2164784073829651"
"870","0.2374500036239624","0.2374500036239624","0.2374500036239624","870","870","870","0.2164783477783203","0.2164783477783203","0.2164783477783203"
"871","0.23744875192642212","0.23744875192642212","0.23744875192642212","871","871","871","0.21647827327251434","0.21647827327251434","0.21647827327251434"
"872","0.23744727671146393","0.23744727671146393","0.23744727671146393","872","872","872","0.21647824347019196","0.21647824347019196","0.21647824347019196"
"873","0.2374458909034729","0.2374458909034729","0.2374458909034729","873","873","873","0.216478168964386","0.216478168964386","0.216478168964386"
"874","0.2374446988105774","0.2374446988105774","0.2374446988105774","874","874","874","0.2164781093597412","0.2164781093597412","0.2164781093597412"
"875","0.23744341731071472","0.23744341731071472","0.23744341731071472","875","875","875","0.21647809445858002","0.21647809445858002","0.21647809445858002"
"876","0.23744219541549683","0.23744219541549683","0.23744219541549683","876","876","876","0.21647801995277405","0.21647801995277405","0.21647801995277405"
"877","0.23744069039821625","0.23744069039821625","0.23744069039821625","877","877","877","0.21647803485393524","0.21647803485393524","0.21647803485393524"
"878","0.23743923008441925","0.23743923008441925","0.23743923008441925","878","878","878","0.21647797524929047","0.21647797524929047","0.21647797524929047"
"879","0.23743803799152374","0.23743803799152374","0.23743803799152374","879","879","879","0.2164779156446457","0.2164779156446457","0.2164779156446457"
"880","0.23743656277656555","0.23743656277656555","0.23743656277656555","880","880","880","0.21647776663303375","0.21647776663303375","0.21647776663303375"
"881","0.2374352067708969","0.2374352067708969","0.2374352067708969","881","881","881","0.21647752821445465","0.21647752821445465","0.21647752821445465"
"882","0.2374337911605835","0.2374337911605835","0.2374337911605835","882","882","882","0.21647748351097107","0.21647748351097107","0.21647748351097107"
"883","0.23743270337581635","0.23743270337581635","0.23743270337581635","883","883","883","0.21647728979587555","0.21647728979587555","0.21647728979587555"
"884","0.23743145167827606","0.23743145167827606","0.23743145167827606","884","884","884","0.2164771407842636","0.2164771407842636","0.2164771407842636"
"885","0.23743000626564026","0.23743000626564026","0.23743000626564026","885","885","885","0.2164771556854248","0.2164771556854248","0.2164771556854248"
"886","0.23742882907390594","0.23742882907390594","0.23742882907390594","886","886","886","0.21647703647613525","0.21647703647613525","0.21647703647613525"
"887","0.23742759227752686","0.23742759227752686","0.23742759227752686","887","887","887","0.21647697687149048","0.21647697687149048","0.21647697687149048"
"888","0.23742620646953583","0.23742620646953583","0.23742620646953583","888","888","888","0.21647697687149048","0.21647697687149048","0.21647697687149048"
"889","0.2374247908592224","0.2374247908592224","0.2374247908592224","889","889","889","0.2164769470691681","0.2164769470691681","0.2164769470691681"
"890","0.237423375248909","0.237423375248909","0.237423375248909","890","890","890","0.2164769172668457","0.2164769172668457","0.2164769172668457"
"891","0.23742207884788513","0.23742207884788513","0.23742207884788513","891","891","891","0.21647688746452332","0.21647688746452332","0.21647688746452332"
"892","0.23742075264453888","0.23742075264453888","0.23742075264453888","892","892","892","0.21647684276103973","0.21647684276103973","0.21647684276103973"
"893","0.2374194711446762","0.2374194711446762","0.2374194711446762","893","893","893","0.21647679805755615","0.21647679805755615","0.21647679805755615"
"894","0.23741798102855682","0.23741798102855682","0.23741798102855682","894","894","894","0.21647676825523376","0.21647676825523376","0.21647676825523376"
"895","0.23741663992404938","0.23741663992404938","0.23741663992404938","895","895","895","0.21647672355175018","0.21647672355175018","0.21647672355175018"
"896","0.2374153882265091","0.2374153882265091","0.2374153882265091","896","896","896","0.2164766490459442","0.2164766490459442","0.2164766490459442"
"897","0.2374139279127121","0.2374139279127121","0.2374139279127121","897","897","897","0.21647661924362183","0.21647661924362183","0.21647661924362183"
"898","0.23741252720355988","0.23741252720355988","0.23741252720355988","898","898","898","0.21647651493549347","0.21647651493549347","0.21647651493549347"
"899","0.23741121590137482","0.23741121590137482","0.23741121590137482","899","899","899","0.21647648513317108","0.21647648513317108","0.21647648513317108"
"900","0.23740991950035095","0.23740991950035095","0.23740991950035095","900","900","900","0.21647635102272034","0.21647635102272034","0.21647635102272034"
"901","0.2374085783958435","0.2374085783958435","0.2374085783958435","901","901","901","0.21647629141807556","0.21647629141807556","0.21647629141807556"
"902","0.23740731179714203","0.23740731179714203","0.23740731179714203","902","902","902","0.21647626161575317","0.21647626161575317","0.21647626161575317"
"903","0.23740597069263458","0.23740597069263458","0.23740597069263458","903","903","903","0.2164762169122696","0.2164762169122696","0.2164762169122696"
"904","0.23740482330322266","0.23740482330322266","0.23740482330322266","904","904","904","0.21647612750530243","0.21647612750530243","0.21647612750530243"
"905","0.23740366101264954","0.23740366101264954","0.23740366101264954","905","905","905","0.21647587418556213","0.21647587418556213","0.21647587418556213"
"906","0.2374023050069809","0.2374023050069809","0.2374023050069809","906","906","906","0.2164757251739502","0.2164757251739502","0.2164757251739502"
"907","0.23740090429782867","0.23740090429782867","0.23740090429782867","907","907","907","0.21647554636001587","0.21647554636001587","0.21647554636001587"
"908","0.23739980161190033","0.23739980161190033","0.23739980161190033","908","908","908","0.2164754718542099","0.2164754718542099","0.2164754718542099"
"909","0.23739826679229736","0.23739826679229736","0.23739826679229736","909","909","909","0.2164754569530487","0.2164754569530487","0.2164754569530487"
"910","0.23739685118198395","0.23739685118198395","0.23739685118198395","910","910","910","0.21647538244724274","0.21647538244724274","0.21647538244724274"
"911","0.2373955100774765","0.2373955100774765","0.2373955100774765","911","911","911","0.21647514402866364","0.21647514402866364","0.21647514402866364"
"912","0.23739419877529144","0.23739419877529144","0.23739419877529144","912","912","912","0.21647512912750244","0.21647512912750244","0.21647512912750244"
"913","0.23739254474639893","0.23739254474639893","0.23739254474639893","913","913","913","0.2164750099182129","0.2164750099182129","0.2164750099182129"
"914","0.23739130795001984","0.23739130795001984","0.23739130795001984","914","914","914","0.21647505462169647","0.21647505462169647","0.21647505462169647"
"915","0.23738975822925568","0.23738975822925568","0.23738975822925568","915","915","915","0.21647495031356812","0.21647495031356812","0.21647495031356812"
"916","0.23738855123519897","0.23738855123519897","0.23738855123519897","916","916","916","0.21647489070892334","0.21647489070892334","0.21647489070892334"
"917","0.23738731443881989","0.23738731443881989","0.23738731443881989","917","917","917","0.21647489070892334","0.21647489070892334","0.21647489070892334"
"918","0.23738600313663483","0.23738600313663483","0.23738600313663483","918","918","918","0.21647493541240692","0.21647493541240692","0.21647493541240692"
"919","0.23738466203212738","0.23738466203212738","0.23738466203212738","919","919","919","0.21647493541240692","0.21647493541240692","0.21647493541240692"
"920","0.23738351464271545","0.23738351464271545","0.23738351464271545","920","920","920","0.2164747565984726","0.2164747565984726","0.2164747565984726"
"921","0.2373819649219513","0.2373819649219513","0.2373819649219513","921","921","921","0.2164744734764099","0.2164744734764099","0.2164744734764099"
"922","0.23738041520118713","0.23738041520118713","0.23738041520118713","922","922","922","0.21647441387176514","0.21647441387176514","0.21647441387176514"
"923","0.23737932741641998","0.23737932741641998","0.23737932741641998","923","923","923","0.21647436916828156","0.21647436916828156","0.21647436916828156"
"924","0.23737794160842896","0.23737794160842896","0.23737794160842896","924","924","924","0.21647433936595917","0.21647433936595917","0.21647433936595917"
"925","0.23737652599811554","0.23737652599811554","0.23737652599811554","925","925","925","0.21647410094738007","0.21647410094738007","0.21647410094738007"
"926","0.23737533390522003","0.23737533390522003","0.23737533390522003","926","926","926","0.21647390723228455","0.21647390723228455","0.21647390723228455"
"927","0.23737405240535736","0.23737405240535736","0.23737405240535736","927","927","927","0.21647366881370544","0.21647366881370544","0.21647366881370544"
"928","0.23737280070781708","0.23737280070781708","0.23737280070781708","928","928","928","0.21647365391254425","0.21647365391254425","0.21647365391254425"
"929","0.23737137019634247","0.23737137019634247","0.23737137019634247","929","929","929","0.2164735198020935","0.2164735198020935","0.2164735198020935"
"930","0.23737002909183502","0.23737002909183502","0.23737002909183502","930","930","930","0.21647347509860992","0.21647347509860992","0.21647347509860992"
"931","0.23736870288848877","0.23736870288848877","0.23736870288848877","931","931","931","0.21647347509860992","0.21647347509860992","0.21647347509860992"
"932","0.23736754059791565","0.23736754059791565","0.23736754059791565","932","932","932","0.21647323668003082","0.21647323668003082","0.21647323668003082"
"933","0.23736612498760223","0.23736612498760223","0.23736612498760223","933","933","933","0.21647323668003082","0.21647323668003082","0.21647323668003082"
"934","0.23736494779586792","0.23736494779586792","0.23736494779586792","934","934","934","0.21647313237190247","0.21647313237190247","0.21647313237190247"
"935","0.23736363649368286","0.23736363649368286","0.23736363649368286","935","935","935","0.21647296845912933","0.21647296845912933","0.21647296845912933"
"936","0.23736220598220825","0.23736220598220825","0.23736220598220825","936","936","936","0.21647296845912933","0.21647296845912933","0.21647296845912933"
"937","0.2373608648777008","0.2373608648777008","0.2373608648777008","937","937","937","0.21647284924983978","0.21647284924983978","0.21647284924983978"
"938","0.23735976219177246","0.23735976219177246","0.23735976219177246","938","938","938","0.216472789645195","0.216472789645195","0.216472789645195"
"939","0.23735842108726501","0.23735842108726501","0.23735842108726501","939","939","939","0.21647268533706665","0.21647268533706665","0.21647268533706665"
"940","0.2373570203781128","0.2373570203781128","0.2373570203781128","940","940","940","0.2164725661277771","0.2164725661277771","0.2164725661277771"
"941","0.23735599219799042","0.23735599219799042","0.23735599219799042","941","941","941","0.2164725512266159","0.2164725512266159","0.2164725512266159"
"942","0.23735490441322327","0.23735490441322327","0.23735490441322327","942","942","942","0.21647244691848755","0.21647244691848755","0.21647244691848755"
"943","0.2373533993959427","0.2373533993959427","0.2373533993959427","943","943","943","0.21647235751152039","0.21647235751152039","0.21647235751152039"
"944","0.23735252022743225","0.23735252022743225","0.23735252022743225","944","944","944","0.2164723128080368","0.2164723128080368","0.2164723128080368"
"945","0.2373509258031845","0.2373509258031845","0.2373509258031845","945","945","945","0.21647216379642487","0.21647216379642487","0.21647216379642487"
"946","0.237349733710289","0.237349733710289","0.237349733710289","946","946","946","0.21647217869758606","0.21647217869758606","0.21647217869758606"
"947","0.23734848201274872","0.23734848201274872","0.23734848201274872","947","947","947","0.21647197008132935","0.21647197008132935","0.21647197008132935"
"948","0.23734714090824127","0.23734714090824127","0.23734714090824127","948","948","948","0.21647195518016815","0.21647195518016815","0.21647195518016815"
"949","0.2373458743095398","0.2373458743095398","0.2373458743095398","949","949","949","0.21647195518016815","0.21647195518016815","0.21647195518016815"
"950","0.23734436929225922","0.23734436929225922","0.23734436929225922","950","950","950","0.21647173166275024","0.21647173166275024","0.21647173166275024"
"951","0.23734323680400848","0.23734323680400848","0.23734323680400848","951","951","951","0.21647164225578308","0.21647164225578308","0.21647164225578308"
"952","0.2373417466878891","0.2373417466878891","0.2373417466878891","952","952","952","0.21647153794765472","0.21647153794765472","0.21647153794765472"
"953","0.23734058439731598","0.23734058439731598","0.23734058439731598","953","953","953","0.21647149324417114","0.21647149324417114","0.21647149324417114"
"954","0.23733937740325928","0.23733937740325928","0.23733937740325928","954","954","954","0.21647149324417114","0.21647149324417114","0.21647149324417114"
"955","0.23733821511268616","0.23733821511268616","0.23733821511268616","955","955","955","0.21647146344184875","0.21647146344184875","0.21647146344184875"
"956","0.23733678460121155","0.23733678460121155","0.23733678460121155","956","956","956","0.2164713442325592","0.2164713442325592","0.2164713442325592"
"957","0.2373354434967041","0.2373354434967041","0.2373354434967041","957","957","957","0.21647121012210846","0.21647121012210846","0.21647121012210846"
"958","0.2373345047235489","0.2373345047235489","0.2373345047235489","958","958","958","0.21647118031978607","0.21647118031978607","0.21647118031978607"
"959","0.23733338713645935","0.23733338713645935","0.23733338713645935","959","959","959","0.21647118031978607","0.21647118031978607","0.21647118031978607"
"960","0.237332284450531","0.237332284450531","0.237332284450531","960","960","960","0.21647100150585175","0.21647100150585175","0.21647100150585175"
"961","0.23733118176460266","0.23733118176460266","0.23733118176460266","961","961","961","0.2164708822965622","0.2164708822965622","0.2164708822965622"
"962","0.23732995986938477","0.23732995986938477","0.23732995986938477","962","962","962","0.21647080779075623","0.21647080779075623","0.21647080779075623"
"963","0.23732870817184448","0.23732870817184448","0.23732870817184448","963","963","963","0.2164706438779831","0.2164706438779831","0.2164706438779831"
"964","0.2373274266719818","0.2373274266719818","0.2373274266719818","964","964","964","0.21647056937217712","0.21647056937217712","0.21647056937217712"
"965","0.2373262196779251","0.2373262196779251","0.2373262196779251","965","965","965","0.21647043526172638","0.21647043526172638","0.21647043526172638"
"966","0.2373247742652893","0.2373247742652893","0.2373247742652893","966","966","966","0.2164703756570816","0.2164703756570816","0.2164703756570816"
"967","0.23732371628284454","0.23732371628284454","0.23732371628284454","967","967","967","0.21647034585475922","0.21647034585475922","0.21647034585475922"
"968","0.23732231557369232","0.23732231557369232","0.23732231557369232","968","968","968","0.21647022664546967","0.21647022664546967","0.21647022664546967"
"969","0.2373211532831192","0.2373211532831192","0.2373211532831192","969","969","969","0.21647018194198608","0.21647018194198608","0.21647018194198608"
"970","0.23732027411460876","0.23732027411460876","0.23732027411460876","970","970","970","0.21647033095359802","0.21647033095359802","0.21647033095359802"
"971","0.2373189926147461","0.2373189926147461","0.2373189926147461","971","971","971","0.21647031605243683","0.21647031605243683","0.21647031605243683"
"972","0.23731794953346252","0.23731794953346252","0.23731794953346252","972","972","972","0.2164703756570816","0.2164703756570816","0.2164703756570816"
"973","0.23731698095798492","0.23731698095798492","0.23731698095798492","973","973","973","0.21647042036056519","0.21647042036056519","0.21647042036056519"
"974","0.23731562495231628","0.23731562495231628","0.23731562495231628","974","974","974","0.21647030115127563","0.21647030115127563","0.21647030115127563"
"975","0.23731426894664764","0.23731426894664764","0.23731426894664764","975","975","975","0.2164701223373413","0.2164701223373413","0.2164701223373413"
"976","0.23731303215026855","0.23731303215026855","0.23731303215026855","976","976","976","0.2164701372385025","0.2164701372385025","0.2164701372385025"
"977","0.2373119741678238","0.2373119741678238","0.2373119741678238","977","977","977","0.21647000312805176","0.21647000312805176","0.21647000312805176"
"978","0.2373107522726059","0.2373107522726059","0.2373107522726059","978","978","978","0.21646998822689056","0.21646998822689056","0.21646998822689056"
"979","0.2373095154762268","0.2373095154762268","0.2373095154762268","979","979","979","0.21646985411643982","0.21646985411643982","0.21646985411643982"
"980","0.2373083233833313","0.2373083233833313","0.2373083233833313","980","980","980","0.2164698839187622","0.2164698839187622","0.2164698839187622"
"981","0.23730699717998505","0.23730699717998505","0.23730699717998505","981","981","981","0.216469869017601","0.216469869017601","0.216469869017601"
"982","0.23730576038360596","0.23730576038360596","0.23730576038360596","982","982","982","0.21646970510482788","0.21646970510482788","0.21646970510482788"
"983","0.2373044192790985","0.2373044192790985","0.2373044192790985","983","983","983","0.21646970510482788","0.21646970510482788","0.21646970510482788"
"984","0.23730318248271942","0.23730318248271942","0.23730318248271942","984","984","984","0.2164696604013443","0.2164696604013443","0.2164696604013443"
"985","0.23730173707008362","0.23730173707008362","0.23730173707008362","985","985","985","0.21646954119205475","0.21646954119205475","0.21646954119205475"
"986","0.23730051517486572","0.23730051517486572","0.23730051517486572","986","986","986","0.21646946668624878","0.21646946668624878","0.21646946668624878"
"987","0.23729918897151947","0.23729918897151947","0.23729918897151947","987","987","987","0.2164694368839264","0.2164694368839264","0.2164694368839264"
"988","0.2372979372739792","0.2372979372739792","0.2372979372739792","988","988","988","0.21646903455257416","0.21646903455257416","0.21646903455257416"
"989","0.2372967153787613","0.2372967153787613","0.2372967153787613","989","989","989","0.21646907925605774","0.21646907925605774","0.21646907925605774"
"990","0.23729540407657623","0.23729540407657623","0.23729540407657623","990","990","990","0.21646900475025177","0.21646900475025177","0.21646900475025177"
"991","0.23729419708251953","0.23729419708251953","0.23729419708251953","991","991","991","0.21646888554096222","0.21646888554096222","0.21646888554096222"
"992","0.23729307949543","0.23729307949543","0.23729307949543","992","992","992","0.21646888554096222","0.21646888554096222","0.21646888554096222"
"993","0.23729181289672852","0.23729181289672852","0.23729181289672852","993","993","993","0.21646885573863983","0.21646885573863983","0.21646885573863983"
"994","0.23729045689105988","0.23729045689105988","0.23729045689105988","994","994","994","0.2164686620235443","0.2164686620235443","0.2164686620235443"
"995","0.23728924989700317","0.23728924989700317","0.23728924989700317","995","995","995","0.21646861732006073","0.21646861732006073","0.21646861732006073"
"996","0.2372877448797226","0.2372877448797226","0.2372877448797226","996","996","996","0.21646839380264282","0.21646839380264282","0.21646839380264282"
"997","0.23728647828102112","0.23728647828102112","0.23728647828102112","997","997","997","0.21646831929683685","0.21646831929683685","0.21646831929683685"
"998","0.23728513717651367","0.23728513717651367","0.23728513717651367","998","998","998","0.21646831929683685","0.21646831929683685","0.21646831929683685"
"999","0.2372838407754898","0.2372838407754898","0.2372838407754898","999","999","999","0.2164681851863861","0.2164681851863861","0.2164681851863861"