"epoch","MoE_0129_92hk0cay - class_train_loss","MoE_0129_92hk0cay - class_train_loss__MIN","MoE_0129_92hk0cay - class_train_loss__MAX","MoE_0129_92hk0cay - _step","MoE_0129_92hk0cay - _step__MIN","MoE_0129_92hk0cay - _step__MAX","MoE_0129_92hk0cay - reg_train_loss","MoE_0129_92hk0cay - reg_train_loss__MIN","MoE_0129_92hk0cay - reg_train_loss__MAX","MoE_0129_92hk0cay - train_loss","MoE_0129_92hk0cay - train_loss__MIN","MoE_0129_92hk0cay - train_loss__MAX"
"0","0.297697514295578","0.297697514295578","0.297697514295578","0","0","0","0.04651900380849838","0.04651900380849838","0.04651900380849838","1.7222974271878486","1.7222974271878486","1.7222974271878486"
"1","0.28012028336524963","0.28012028336524963","0.28012028336524963","1","1","1","0.05146872252225876","0.05146872252225876","0.05146872252225876","1.4935852054270782","1.4935852054270782","1.4935852054270782"
"2","0.2443002611398697","0.2443002611398697","0.2443002611398697","2","2","2","0.045492127537727356","0.045492127537727356","0.045492127537727356","1.4181271034573752","1.4181271034573752","1.4181271034573752"
"3","0.1943102777004242","0.1943102777004242","0.1943102777004242","3","3","3","0.05466493219137192","0.05466493219137192","0.05466493219137192","1.3708916443496655","1.3708916443496655","1.3708916443496655"
"4","0.1814218908548355","0.1814218908548355","0.1814218908548355","4","4","4","0.03261955827474594","0.03261955827474594","0.03261955827474594","1.3182940584338834","1.3182940584338834","1.3182940584338834"
"5","0.18041378259658813","0.18041378259658813","0.18041378259658813","5","5","5","0.02513613924384117","0.02513613924384117","0.02513613924384117","1.279304276026787","1.279304276026787","1.279304276026787"
"6","0.12520518898963928","0.12520518898963928","0.12520518898963928","6","6","6","0.025408465415239334","0.025408465415239334","0.025408465415239334","1.2305319008692543","1.2305319008692543","1.2305319008692543"
"7","0.1321430653333664","0.1321430653333664","0.1321430653333664","7","7","7","0.023484423756599426","0.023484423756599426","0.023484423756599426","1.2081310332030322","1.2081310332030322","1.2081310332030322"
"8","0.1556970179080963","0.1556970179080963","0.1556970179080963","8","8","8","0.06635008007287979","0.06635008007287979","0.06635008007287979","1.1604327218258805","1.1604327218258805","1.1604327218258805"
"9","0.21964171528816223","0.21964171528816223","0.21964171528816223","9","9","9","0.030480090528726578","0.030480090528726578","0.030480090528726578","1.1203275998826618","1.1203275998826618","1.1203275998826618"
"10","0.15931721031665802","0.15931721031665802","0.15931721031665802","10","10","10","0.025875695049762726","0.025875695049762726","0.025875695049762726","1.0786555670531994","1.0786555670531994","1.0786555670531994"
"11","0.10628741979598999","0.10628741979598999","0.10628741979598999","11","11","11","0.02772700786590576","0.02772700786590576","0.02772700786590576","1.0556197993363627","1.0556197993363627","1.0556197993363627"
"12","0.10500633716583252","0.10500633716583252","0.10500633716583252","12","12","12","0.024939648807048798","0.024939648807048798","0.024939648807048798","1.0301170263602988","1.0301170263602988","1.0301170263602988"
"13","0.06652681529521942","0.06652681529521942","0.06652681529521942","13","13","13","0.021896852180361748","0.021896852180361748","0.021896852180361748","0.9944861108090455","0.9944861108090455","0.9944861108090455"
"14","0.16160927712917328","0.16160927712917328","0.16160927712917328","14","14","14","0.024040674790740013","0.024040674790740013","0.024040674790740013","0.9591294765177522","0.9591294765177522","0.9591294765177522"
"15","0.12177331745624542","0.12177331745624542","0.12177331745624542","15","15","15","0.02513645589351654","0.02513645589351654","0.02513645589351654","0.9209551261739862","0.9209551261739862","0.9209551261739862"
"16","0.10817962884902954","0.10817962884902954","0.10817962884902954","16","16","16","0.02776271104812622","0.02776271104812622","0.02776271104812622","0.8977833071631811","0.8977833071631811","0.8977833071631811"
"17","0.07098748534917831","0.07098748534917831","0.07098748534917831","17","17","17","0.030253279954195023","0.030253279954195023","0.030253279954195023","0.8732635921558088","0.8732635921558088","0.8732635921558088"
"18","0.1512652039527893","0.1512652039527893","0.1512652039527893","18","18","18","0.024568166583776474","0.024568166583776474","0.024568166583776474","0.8405097110004578","0.8405097110004578","0.8405097110004578"
"19","0.22970858216285706","0.22970858216285706","0.22970858216285706","19","19","19","0.02468324825167656","0.02468324825167656","0.02468324825167656","0.8043460290816807","0.8043460290816807","0.8043460290816807"
"20","0.04180006682872772","0.04180006682872772","0.04180006682872772","20","20","20","0.023064397275447845","0.023064397275447845","0.023064397275447845","0.7924278712080965","0.7924278712080965","0.7924278712080965"
"21","0.039053939282894135","0.039053939282894135","0.039053939282894135","21","21","21","0.010581159964203835","0.010581159964203835","0.010581159964203835","0.7734094969244796","0.7734094969244796","0.7734094969244796"
"22","0.08528638631105423","0.08528638631105423","0.08528638631105423","22","22","22","0.013923171907663345","0.013923171907663345","0.013923171907663345","0.7462446556045109","0.7462446556045109","0.7462446556045109"
"23","0.07180172204971313","0.07180172204971313","0.07180172204971313","23","23","23","0.013435807079076767","0.013435807079076767","0.013435807079076767","0.7247005990548764","0.7247005990548764","0.7247005990548764"
"24","0.04220625385642052","0.04220625385642052","0.04220625385642052","24","24","24","0.0153102558106184","0.0153102558106184","0.0153102558106184","0.7023208969599241","0.7023208969599241","0.7023208969599241"
"25","0.02285400591790676","0.02285400591790676","0.02285400591790676","25","25","25","0.015927495434880257","0.015927495434880257","0.015927495434880257","0.6856731574477867","0.6856731574477867","0.6856731574477867"
"26","0.07311076670885086","0.07311076670885086","0.07311076670885086","26","26","26","0.019482562318444252","0.019482562318444252","0.019482562318444252","0.6780094054034753","0.6780094054034753","0.6780094054034753"
"27","0.17635074257850647","0.17635074257850647","0.17635074257850647","27","27","27","0.021142957732081413","0.021142957732081413","0.021142957732081413","0.667912858426018","0.667912858426018","0.667912858426018"
"28","0.1078445091843605","0.1078445091843605","0.1078445091843605","28","28","28","0.017392851412296295","0.017392851412296295","0.017392851412296295","0.6378833160673656","0.6378833160673656","0.6378833160673656"
"29","0.1818472445011139","0.1818472445011139","0.1818472445011139","29","29","29","0.030831873416900635","0.030831873416900635","0.030831873416900635","0.6273830380176323","0.6273830380176323","0.6273830380176323"
"30","0.006192977540194988","0.006192977540194988","0.006192977540194988","30","30","30","0.013248375616967678","0.013248375616967678","0.013248375616967678","0.6093616350806391","0.6093616350806391","0.6093616350806391"
"31","0.17294538021087646","0.17294538021087646","0.17294538021087646","31","31","31","0.02759774774312973","0.02759774774312973","0.02759774774312973","0.6065211417109321","0.6065211417109321","0.6065211417109321"
"32","0.1507989466190338","0.1507989466190338","0.1507989466190338","32","32","32","0.01492004469037056","0.01492004469037056","0.01492004469037056","0.6049771305827155","0.6049771305827155","0.6049771305827155"
"33","0.04472437873482704","0.04472437873482704","0.04472437873482704","33","33","33","0.01861947774887085","0.01861947774887085","0.01861947774887085","0.5720217975481985","0.5720217975481985","0.5720217975481985"
"34","0.053653888404369354","0.053653888404369354","0.053653888404369354","34","34","34","0.024951566010713577","0.024951566010713577","0.024951566010713577","0.5552593196477872","0.5552593196477872","0.5552593196477872"
"35","0.03284149244427681","0.03284149244427681","0.03284149244427681","35","35","35","0.01749361865222454","0.01749361865222454","0.01749361865222454","0.5535025353211517","0.5535025353211517","0.5535025353211517"
"36","0.030761081725358963","0.030761081725358963","0.030761081725358963","36","36","36","0.014580680057406425","0.014580680057406425","0.014580680057406425","0.553461409480123","0.553461409480123","0.553461409480123"
"37","0.05260731279850006","0.05260731279850006","0.05260731279850006","37","37","37","0.019991392269730568","0.019991392269730568","0.019991392269730568","0.543326768683935","0.543326768683935","0.543326768683935"
"38","0.07663431018590927","0.07663431018590927","0.07663431018590927","38","38","38","0.01738552190363407","0.01738552190363407","0.01738552190363407","0.5295822368752364","0.5295822368752364","0.5295822368752364"
"39","0.044205281883478165","0.044205281883478165","0.044205281883478165","39","39","39","0.008677328005433083","0.008677328005433083","0.008677328005433083","0.5478079298173637","0.5478079298173637","0.5478079298173637"
"40","0.010019561275839806","0.010019561275839806","0.010019561275839806","40","40","40","0.008939255028963089","0.008939255028963089","0.008939255028963089","0.5101047853321617","0.5101047853321617","0.5101047853321617"
"41","0.05757761001586914","0.05757761001586914","0.05757761001586914","41","41","41","0.02871559001505375","0.02871559001505375","0.02871559001505375","0.5573448648258131","0.5573448648258131","0.5573448648258131"
"42","0.040581244975328445","0.040581244975328445","0.040581244975328445","42","42","42","0.012621033005416393","0.012621033005416393","0.012621033005416393","0.5060767099503953","0.5060767099503953","0.5060767099503953"
"43","0.0491514690220356","0.0491514690220356","0.0491514690220356","43","43","43","0.011892400681972504","0.011892400681972504","0.011892400681972504","0.5184339803288928","0.5184339803288928","0.5184339803288928"
"44","0.060500577092170715","0.060500577092170715","0.060500577092170715","44","44","44","0.01575983315706253","0.01575983315706253","0.01575983315706253","0.5026444127401896","0.5026444127401896","0.5026444127401896"
"45","0.05043087154626846","0.05043087154626846","0.05043087154626846","45","45","45","0.01194034144282341","0.01194034144282341","0.01194034144282341","0.4910593166704695","0.4910593166704695","0.4910593166704695"
"46","0.034237220883369446","0.034237220883369446","0.034237220883369446","46","46","46","0.031090542674064636","0.031090542674064636","0.031090542674064636","0.5251117584460102","0.5251117584460102","0.5251117584460102"
"47","0.18562434613704681","0.18562434613704681","0.18562434613704681","47","47","47","0.021404972299933434","0.021404972299933434","0.021404972299933434","0.4876818143444144","0.4876818143444144","0.4876818143444144"
"48","0.042254310101270676","0.042254310101270676","0.042254310101270676","48","48","48","0.008727222681045532","0.008727222681045532","0.008727222681045532","0.4898631788361714","0.4898631788361714","0.4898631788361714"
"49","0.011627969332039356","0.011627969332039356","0.011627969332039356","49","49","49","0.014610330574214458","0.014610330574214458","0.014610330574214458","0.47945112317425764","0.47945112317425764","0.47945112317425764"
"50","0.07851429283618927","0.07851429283618927","0.07851429283618927","50","50","50","0.010445011779665947","0.010445011779665947","0.010445011779665947","0.4876340934601648","0.4876340934601648","0.4876340934601648"
"51","0.012024153023958206","0.012024153023958206","0.012024153023958206","51","51","51","0.008027499541640282","0.008027499541640282","0.008027499541640282","0.49747906421612426","0.49747906421612426","0.49747906421612426"
"52","0.14904733002185822","0.14904733002185822","0.14904733002185822","52","52","52","0.016635239124298096","0.016635239124298096","0.016635239124298096","0.45160896725026484","0.45160896725026484","0.45160896725026484"
"53","0.04051913693547249","0.04051913693547249","0.04051913693547249","53","53","53","0.01155894622206688","0.01155894622206688","0.01155894622206688","0.4634123532839889","0.4634123532839889","0.4634123532839889"
"54","0.17712783813476562","0.17712783813476562","0.17712783813476562","54","54","54","0.036984555423259735","0.036984555423259735","0.036984555423259735","0.4791167718409214","0.4791167718409214","0.4791167718409214"
"55","0.021025534719228745","0.021025534719228745","0.021025534719228745","55","55","55","0.012853140942752361","0.012853140942752361","0.012853140942752361","0.5218280522239943","0.5218280522239943","0.5218280522239943"
"56","0.023688895627856255","0.023688895627856255","0.023688895627856255","56","56","56","0.017419645562767982","0.017419645562767982","0.017419645562767982","0.456574691869234","0.456574691869234","0.456574691869234"
"57","0.06579285115003586","0.06579285115003586","0.06579285115003586","57","57","57","0.015599001199007034","0.015599001199007034","0.015599001199007034","0.4533371144632683","0.4533371144632683","0.4533371144632683"
"58","0.03237547725439072","0.03237547725439072","0.03237547725439072","58","58","58","0.0068625593557953835","0.0068625593557953835","0.0068625593557953835","0.4684403683077156","0.4684403683077156","0.4684403683077156"
"59","0.01711048185825348","0.01711048185825348","0.01711048185825348","59","59","59","0.018577940762043","0.018577940762043","0.018577940762043","0.4629364906328532","0.4629364906328532","0.4629364906328532"
"60","0.05757870897650719","0.05757870897650719","0.05757870897650719","60","60","60","0.013914994895458221","0.013914994895458221","0.013914994895458221","0.46071542125833426","0.46071542125833426","0.46071542125833426"
"61","0.11201063543558121","0.11201063543558121","0.11201063543558121","61","61","61","0.015532506629824638","0.015532506629824638","0.015532506629824638","0.4584211510644699","0.4584211510644699","0.4584211510644699"
"62","0.16033919155597687","0.16033919155597687","0.16033919155597687","62","62","62","0.017407555133104324","0.017407555133104324","0.017407555133104324","0.4508833061712497","0.4508833061712497","0.4508833061712497"
"63","0.03160158917307854","0.03160158917307854","0.03160158917307854","63","63","63","0.011257169768214226","0.011257169768214226","0.011257169768214226","0.4548833695570726","0.4548833695570726","0.4548833695570726"
"64","0.026909450069069862","0.026909450069069862","0.026909450069069862","64","64","64","0.020868854597210884","0.020868854597210884","0.020868854597210884","0.4592854372621","0.4592854372621","0.4592854372621"
"65","0.09160495549440384","0.09160495549440384","0.09160495549440384","65","65","65","0.014907989650964737","0.014907989650964737","0.014907989650964737","0.4456210815397839","0.4456210815397839","0.4456210815397839"
"66","0.160405233502388","0.160405233502388","0.160405233502388","66","66","66","0.009125925600528717","0.009125925600528717","0.009125925600528717","0.4537907718653729","0.4537907718653729","0.4537907718653729"
"67","0.01660330779850483","0.01660330779850483","0.01660330779850483","67","67","67","0.013008839450776577","0.013008839450776577","0.013008839450776577","0.4639656057961821","0.4639656057961821","0.4639656057961821"
"68","0.03044118918478489","0.03044118918478489","0.03044118918478489","68","68","68","0.010577555745840073","0.010577555745840073","0.010577555745840073","0.44271231146110407","0.44271231146110407","0.44271231146110407"
"69","0.04514488950371742","0.04514488950371742","0.04514488950371742","69","69","69","0.018396880477666855","0.018396880477666855","0.018396880477666855","0.4589608796132862","0.4589608796132862","0.4589608796132862"
"70","0.005090536084026098","0.005090536084026098","0.005090536084026098","70","70","70","0.0075784604996442795","0.0075784604996442795","0.0075784604996442795","0.41300351441926353","0.41300351441926353","0.41300351441926353"
"71","0.16912977397441864","0.16912977397441864","0.16912977397441864","71","71","71","0.013673633337020874","0.013673633337020874","0.013673633337020874","0.457615626077017","0.457615626077017","0.457615626077017"
"72","0.023030463606119156","0.023030463606119156","0.023030463606119156","72","72","72","0.013107972219586372","0.013107972219586372","0.013107972219586372","0.44635971834477234","0.44635971834477234","0.44635971834477234"
"73","0.125389963388443","0.125389963388443","0.125389963388443","73","73","73","0.010645103640854359","0.010645103640854359","0.010645103640854359","0.450080619991698","0.450080619991698","0.450080619991698"
"74","0.010911857709288597","0.010911857709288597","0.010911857709288597","74","74","74","0.013502057641744614","0.013502057641744614","0.013502057641744614","0.4144432514051977","0.4144432514051977","0.4144432514051977"
"75","0.022620605304837227","0.022620605304837227","0.022620605304837227","75","75","75","0.008664418011903763","0.008664418011903763","0.008664418011903763","0.42560723841718684","0.42560723841718684","0.42560723841718684"
"76","0.04979070648550987","0.04979070648550987","0.04979070648550987","76","76","76","0.016766181215643883","0.016766181215643883","0.016766181215643883","0.4170868918714364","0.4170868918714364","0.4170868918714364"
"77","0.02093677595257759","0.02093677595257759","0.02093677595257759","77","77","77","0.013399053364992142","0.013399053364992142","0.013399053364992142","0.4187206625569803","0.4187206625569803","0.4187206625569803"
"78","0.0021085147745907307","0.0021085147745907307","0.0021085147745907307","78","78","78","0.010343492031097412","0.010343492031097412","0.010343492031097412","0.4239737283161217","0.4239737283161217","0.4239737283161217"
"79","0.05023425072431564","0.05023425072431564","0.05023425072431564","79","79","79","0.024108082056045532","0.024108082056045532","0.024108082056045532","0.42467001379703495","0.42467001379703495","0.42467001379703495"
"80","0.03201089799404144","0.03201089799404144","0.03201089799404144","80","80","80","0.01444646343588829","0.01444646343588829","0.01444646343588829","0.4355714214730327","0.4355714214730327","0.4355714214730327"
"81","0.041919562965631485","0.041919562965631485","0.041919562965631485","81","81","81","0.008520985022187233","0.008520985022187233","0.008520985022187233","0.4355147536256539","0.4355147536256539","0.4355147536256539"
"82","0.01693286933004856","0.01693286933004856","0.01693286933004856","82","82","82","0.00947059690952301","0.00947059690952301","0.00947059690952301","0.452387215427162","0.452387215427162","0.452387215427162"
"83","0.002969271969050169","0.002969271969050169","0.002969271969050169","83","83","83","0.004429846070706844","0.004429846070706844","0.004429846070706844","0.3977036357994941","0.3977036357994941","0.3977036357994941"
"84","0.01024799793958664","0.01024799793958664","0.01024799793958664","84","84","84","0.008106355555355549","0.008106355555355549","0.008106355555355549","0.38214554200096734","0.38214554200096734","0.38214554200096734"
"85","0.04033380001783371","0.04033380001783371","0.04033380001783371","85","85","85","0.006285244598984718","0.006285244598984718","0.006285244598984718","0.40515807008060123","0.40515807008060123","0.40515807008060123"
"86","0.05168546363711357","0.05168546363711357","0.05168546363711357","86","86","86","0.012991019524633884","0.012991019524633884","0.012991019524633884","0.4113082677660419","0.4113082677660419","0.4113082677660419"
"87","0.01565892994403839","0.01565892994403839","0.01565892994403839","87","87","87","0.0072397505864501","0.0072397505864501","0.0072397505864501","0.4036925462220679","0.4036925462220679","0.4036925462220679"
"88","0.00715236458927393","0.00715236458927393","0.00715236458927393","88","88","88","0.009240610525012016","0.009240610525012016","0.009240610525012016","0.40378847648816807","0.40378847648816807","0.40378847648816807"
"89","0.05072047933936119","0.05072047933936119","0.05072047933936119","89","89","89","0.01565675623714924","0.01565675623714924","0.01565675623714924","0.4179959023669685","0.4179959023669685","0.4179959023669685"
"90","0.017196929082274437","0.017196929082274437","0.017196929082274437","90","90","90","0.01101183332502842","0.01101183332502842","0.01101183332502842","0.42373078252403695","0.42373078252403695","0.42373078252403695"
"91","0.028184399008750916","0.028184399008750916","0.028184399008750916","91","91","91","0.013979943469166756","0.013979943469166756","0.013979943469166756","0.38123099727376025","0.38123099727376025","0.38123099727376025"
"92","0.005167534574866295","0.005167534574866295","0.005167534574866295","92","92","92","0.007333178073167801","0.007333178073167801","0.007333178073167801","0.385011296177913","0.385011296177913","0.385011296177913"
"93","0.04014778882265091","0.04014778882265091","0.04014778882265091","93","93","93","0.01625874638557434","0.01625874638557434","0.01625874638557434","0.39209849690437515","0.39209849690437515","0.39209849690437515"
"94","0.04642343893647194","0.04642343893647194","0.04642343893647194","94","94","94","0.008523974567651749","0.008523974567651749","0.008523974567651749","0.4482013425847177","0.4482013425847177","0.4482013425847177"
"95","0.03119584731757641","0.03119584731757641","0.03119584731757641","95","95","95","0.010219667106866837","0.010219667106866837","0.010219667106866837","0.4286655660413806","0.4286655660413806","0.4286655660413806"
"96","0.03363138809800148","0.03363138809800148","0.03363138809800148","96","96","96","0.011817025020718575","0.011817025020718575","0.011817025020718575","0.3978617019725568","0.3978617019725568","0.3978617019725568"
"97","0.13524243235588074","0.13524243235588074","0.13524243235588074","97","97","97","0.009312968701124191","0.009312968701124191","0.009312968701124191","0.3869047949201568","0.3869047949201568","0.3869047949201568"
"98","0.016012007370591164","0.016012007370591164","0.016012007370591164","98","98","98","0.007041516713798046","0.007041516713798046","0.007041516713798046","0.36034458726368057","0.36034458726368057","0.36034458726368057"
"99","0.015343735925853252","0.015343735925853252","0.015343735925853252","99","99","99","0.0080680251121521","0.0080680251121521","0.0080680251121521","0.3758671984331457","0.3758671984331457","0.3758671984331457"
"100","0.006281029898673296","0.006281029898673296","0.006281029898673296","100","100","100","0.005905843339860439","0.005905843339860439","0.005905843339860439","0.48522559600843645","0.48522559600843645","0.48522559600843645"
"101","0.0009532540570944548","0.0009532540570944548","0.0009532540570944548","101","101","101","0.005462994799017906","0.005462994799017906","0.005462994799017906","0.40464737813538115","0.40464737813538115","0.40464737813538115"
"102","0.032103583216667175","0.032103583216667175","0.032103583216667175","102","102","102","0.006515747867524624","0.006515747867524624","0.006515747867524624","0.4015773060247594","0.4015773060247594","0.4015773060247594"
"103","0.003835738869383931","0.003835738869383931","0.003835738869383931","103","103","103","0.007641742471605539","0.007641742471605539","0.007641742471605539","0.3633975838047036","0.3633975838047036","0.3633975838047036"
"104","0.010898313485085964","0.010898313485085964","0.010898313485085964","104","104","104","0.015128755941987038","0.015128755941987038","0.015128755941987038","0.3835684550567844","0.3835684550567844","0.3835684550567844"
"105","0.03432188183069229","0.03432188183069229","0.03432188183069229","105","105","105","0.009688182733952999","0.009688182733952999","0.009688182733952999","0.33690023284011517","0.33690023284011517","0.33690023284011517"
"106","0.007219600025564432","0.007219600025564432","0.007219600025564432","106","106","106","0.00937962532043457","0.00937962532043457","0.00937962532043457","0.30760823787057356","0.30760823787057356","0.30760823787057356"
"107","0.011337711475789547","0.011337711475789547","0.011337711475789547","107","107","107","0.005216167774051428","0.005216167774051428","0.005216167774051428","0.308197165022091","0.308197165022091","0.308197165022091"
"108","0.015048115514218807","0.015048115514218807","0.015048115514218807","108","108","108","0.006120721809566021","0.006120721809566021","0.006120721809566021","0.30424229066240693","0.30424229066240693","0.30424229066240693"
"109","0.0022938561160117388","0.0022938561160117388","0.0022938561160117388","109","109","109","0.005494964774698019","0.005494964774698019","0.005494964774698019","0.31321005352721515","0.31321005352721515","0.31321005352721515"
"110","0.002198468428105116","0.002198468428105116","0.002198468428105116","110","110","110","0.008936557918787003","0.008936557918787003","0.008936557918787003","0.30592671874085053","0.30592671874085053","0.30592671874085053"
"111","0.01077390369027853","0.01077390369027853","0.01077390369027853","111","111","111","0.006348207592964172","0.006348207592964172","0.006348207592964172","0.32081200137897214","0.32081200137897214","0.32081200137897214"
"112","0.03595411404967308","0.03595411404967308","0.03595411404967308","112","112","112","0.008151764050126076","0.008151764050126076","0.008151764050126076","0.3104245648927675","0.3104245648927675","0.3104245648927675"
"113","0.004276044201105833","0.004276044201105833","0.004276044201105833","113","113","113","0.005513423588126898","0.005513423588126898","0.005513423588126898","0.3558205147854595","0.3558205147854595","0.3558205147854595"
"114","0.005938867572695017","0.005938867572695017","0.005938867572695017","114","114","114","0.005888423882424831","0.005888423882424831","0.005888423882424831","0.2998368165599172","0.2998368165599172","0.2998368165599172"
"115","0.11886731535196304","0.11886731535196304","0.11886731535196304","115","115","115","0.008049391210079193","0.008049391210079193","0.008049391210079193","0.292536538498988","0.292536538498988","0.292536538498988"
"116","0.00820985622704029","0.00820985622704029","0.00820985622704029","116","116","116","0.004907975904643536","0.004907975904643536","0.004907975904643536","0.3022822105738336","0.3022822105738336","0.3022822105738336"
"117","0.012046410702168941","0.012046410702168941","0.012046410702168941","117","117","117","0.008785338141024113","0.008785338141024113","0.008785338141024113","0.30520701499310654","0.30520701499310654","0.30520701499310654"
"118","0.05587741360068321","0.05587741360068321","0.05587741360068321","118","118","118","0.005750549957156181","0.005750549957156181","0.005750549957156181","0.3089316380291815","0.3089316380291815","0.3089316380291815"
"119","0.003352261148393154","0.003352261148393154","0.003352261148393154","119","119","119","0.0043641552329063416","0.0043641552329063416","0.0043641552329063416","0.2917423631586603","0.2917423631586603","0.2917423631586603"
"120","0.024505704641342163","0.024505704641342163","0.024505704641342163","120","120","120","0.006541077047586441","0.006541077047586441","0.006541077047586441","0.29359871045851604","0.29359871045851604","0.29359871045851604"
"121","0.0064844354055821896","0.0064844354055821896","0.0064844354055821896","121","121","121","0.005977870896458626","0.005977870896458626","0.005977870896458626","0.30021394779696414","0.30021394779696414","0.30021394779696414"
"122","0.00746049452573061","0.00746049452573061","0.00746049452573061","122","122","122","0.008973834104835987","0.008973834104835987","0.008973834104835987","0.36225417876238675","0.36225417876238675","0.36225417876238675"
"123","0.018607255071401596","0.018607255071401596","0.018607255071401596","123","123","123","0.008248884230852127","0.008248884230852127","0.008248884230852127","0.2932189142450896","0.2932189142450896","0.2932189142450896"
"124","0.007324939128011465","0.007324939128011465","0.007324939128011465","124","124","124","0.005616409238427877","0.005616409238427877","0.005616409238427877","0.28061842034340295","0.28061842034340295","0.28061842034340295"
"125","0.15011531114578247","0.15011531114578247","0.15011531114578247","125","125","125","0.016791779547929764","0.016791779547929764","0.016791779547929764","0.2867089701151017","0.2867089701151017","0.2867089701151017"
"126","0.01564805395901203","0.01564805395901203","0.01564805395901203","126","126","126","0.008036759681999683","0.008036759681999683","0.008036759681999683","0.30131788380095403","0.30131788380095403","0.30131788380095403"
"127","0.01613761857151985","0.01613761857151985","0.01613761857151985","127","127","127","0.011141260154545307","0.011141260154545307","0.011141260154545307","0.30183628098887527","0.30183628098887527","0.30183628098887527"
"128","0.006566711701452732","0.006566711701452732","0.006566711701452732","128","128","128","0.0046677542850375175","0.0046677542850375175","0.0046677542850375175","0.3118566626514314","0.3118566626514314","0.3118566626514314"
"129","0.0048203179612755775","0.0048203179612755775","0.0048203179612755775","129","129","129","0.0038780784234404564","0.0038780784234404564","0.0038780784234404564","0.25837209769755975","0.25837209769755975","0.25837209769755975"
"130","0.01244992297142744","0.01244992297142744","0.01244992297142744","130","130","130","0.005263161845505238","0.005263161845505238","0.005263161845505238","0.2499855353374674","0.2499855353374674","0.2499855353374674"
"131","0.02096402272582054","0.02096402272582054","0.02096402272582054","131","131","131","0.00688036996871233","0.00688036996871233","0.00688036996871233","0.24941004684624588","0.24941004684624588","0.24941004684624588"
"132","0.002448365557938814","0.002448365557938814","0.002448365557938814","132","132","132","0.0034791668877005577","0.0034791668877005577","0.0034791668877005577","0.24702058880568975","0.24702058880568975","0.24702058880568975"
"133","0.004882664419710636","0.004882664419710636","0.004882664419710636","133","133","133","0.005813274532556534","0.005813274532556534","0.005813274532556534","0.24551980053670774","0.24551980053670774","0.24551980053670774"
"134","0.015234371647238731","0.015234371647238731","0.015234371647238731","134","134","134","0.00744502991437912","0.00744502991437912","0.00744502991437912","0.24903473422051065","0.24903473422051065","0.24903473422051065"
"135","0.005440856795758009","0.005440856795758009","0.005440856795758009","135","135","135","0.003836965188384056","0.003836965188384056","0.003836965188384056","0.2498487732049682","0.2498487732049682","0.2498487732049682"
"136","0.002845143899321556","0.002845143899321556","0.002845143899321556","136","136","136","0.0034495547879487276","0.0034495547879487276","0.0034495547879487276","0.248244486993378","0.248244486993378","0.248244486993378"
"137","0.0007161904941312969","0.0007161904941312969","0.0007161904941312969","137","137","137","0.005832374095916748","0.005832374095916748","0.005832374095916748","0.24622355524693978","0.24622355524693978","0.24622355524693978"
"138","0.008064172230660915","0.008064172230660915","0.008064172230660915","138","138","138","0.00994972512125969","0.00994972512125969","0.00994972512125969","0.24974237632761295","0.24974237632761295","0.24974237632761295"
"139","0.004221138544380665","0.004221138544380665","0.004221138544380665","139","139","139","0.00823813397437334","0.00823813397437334","0.00823813397437334","0.24441750571546395","0.24441750571546395","0.24441750571546395"
"140","0.003246752079576254","0.003246752079576254","0.003246752079576254","140","140","140","0.006568810902535915","0.006568810902535915","0.006568810902535915","0.24640900155879178","0.24640900155879178","0.24640900155879178"
"141","0.007252683397382498","0.007252683397382498","0.007252683397382498","141","141","141","0.0041413744911551476","0.0041413744911551476","0.0041413744911551476","0.24235996389556141","0.24235996389556141","0.24235996389556141"
"142","0.0056304410099983215","0.0056304410099983215","0.0056304410099983215","142","142","142","0.004959377460181713","0.004959377460181713","0.004959377460181713","0.2381296868521856","0.2381296868521856","0.2381296868521856"
"143","0.0034277194645255804","0.0034277194645255804","0.0034277194645255804","143","143","143","0.008289165794849396","0.008289165794849396","0.008289165794849396","0.24855993701315152","0.24855993701315152","0.24855993701315152"
"144","0.013772307895123959","0.013772307895123959","0.013772307895123959","144","144","144","0.00561754684895277","0.00561754684895277","0.00561754684895277","0.25921325094059455","0.25921325094059455","0.25921325094059455"
"145","0.001779921934939921","0.001779921934939921","0.001779921934939921","145","145","145","0.0036083715967833996","0.0036083715967833996","0.0036083715967833996","0.24164444592423695","0.24164444592423695","0.24164444592423695"
"146","0.00621749134734273","0.00621749134734273","0.00621749134734273","146","146","146","0.003918481525033712","0.003918481525033712","0.003918481525033712","0.23897414179136767","0.23897414179136767","0.23897414179136767"
"147","0.0035095298662781715","0.0035095298662781715","0.0035095298662781715","147","147","147","0.004672018811106682","0.004672018811106682","0.004672018811106682","0.23594700018417414","0.23594700018417414","0.23594700018417414"
"148","0.006876313593238592","0.006876313593238592","0.006876313593238592","148","148","148","0.005698428023606539","0.005698428023606539","0.005698428023606539","0.22969857514076591","0.22969857514076591","0.22969857514076591"
"149","0.0036074323579669","0.0036074323579669","0.0036074323579669","149","149","149","0.006317290477454662","0.006317290477454662","0.006317290477454662","0.23459046137588488","0.23459046137588488","0.23459046137588488"
"150","0.0014172336086630821","0.0014172336086630821","0.0014172336086630821","150","150","150","0.003097002161666751","0.003097002161666751","0.003097002161666751","0.2225073090449384","0.2225073090449384","0.2225073090449384"
"151","0.005274077877402306","0.005274077877402306","0.005274077877402306","151","151","151","0.005601095966994762","0.005601095966994762","0.005601095966994762","0.21781550478969647","0.21781550478969647","0.21781550478969647"
"152","0.011409691534936428","0.011409691534936428","0.011409691534936428","152","152","152","0.005021779797971249","0.005021779797971249","0.005021779797971249","0.21766530546520793","0.21766530546520793","0.21766530546520793"
"153","0.009194950573146343","0.009194950573146343","0.009194950573146343","153","153","153","0.005303672514855862","0.005303672514855862","0.005303672514855862","0.2156143603227085","0.2156143603227085","0.2156143603227085"
"154","0.0002202473406214267","0.0002202473406214267","0.0002202473406214267","154","154","154","0.004523287992924452","0.004523287992924452","0.004523287992924452","0.21641765803657742","0.21641765803657742","0.21641765803657742"
"155","0.0018011771608144045","0.0018011771608144045","0.0018011771608144045","155","155","155","0.008355862461030483","0.008355862461030483","0.008355862461030483","0.21741839016474196","0.21741839016474196","0.21741839016474196"
"156","0.0017833416350185871","0.0017833416350185871","0.0017833416350185871","156","156","156","0.003333477769047022","0.003333477769047022","0.003333477769047022","0.2145360774525513","0.2145360774525513","0.2145360774525513"
"157","0.012626999989151955","0.012626999989151955","0.012626999989151955","157","157","157","0.0045777661725878716","0.0045777661725878716","0.0045777661725878716","0.21378804519972194","0.21378804519972194","0.21378804519972194"
"158","0.0031388457864522934","0.0031388457864522934","0.0031388457864522934","158","158","158","0.004821413196623325","0.004821413196623325","0.004821413196623325","0.21494308040329316","0.21494308040329316","0.21494308040329316"
"159","0.005364664830267429","0.005364664830267429","0.005364664830267429","159","159","159","0.004934360273182392","0.004934360273182392","0.004934360273182392","0.215292985071671","0.215292985071671","0.215292985071671"
"160","0.005239163991063833","0.005239163991063833","0.005239163991063833","160","160","160","0.0038855818565934896","0.0038855818565934896","0.0038855818565934896","0.21235539908999881","0.21235539908999881","0.21235539908999881"
"161","0.012733159586787224","0.012733159586787224","0.012733159586787224","161","161","161","0.004624953027814627","0.004624953027814627","0.004624953027814627","0.21229289428791148","0.21229289428791148","0.21229289428791148"
"162","0.03328641504049301","0.03328641504049301","0.03328641504049301","162","162","162","0.006619014777243137","0.006619014777243137","0.006619014777243137","0.21164497091116008","0.21164497091116008","0.21164497091116008"
"163","0.0030283681116998196","0.0030283681116998196","0.0030283681116998196","163","163","163","0.0036785355769097805","0.0036785355769097805","0.0036785355769097805","0.2144182044079662","0.2144182044079662","0.2144182044079662"
"164","0.005529968533664942","0.005529968533664942","0.005529968533664942","164","164","164","0.00561631890013814","0.00561631890013814","0.00561631890013814","0.20964029293727737","0.20964029293727737","0.20964029293727737"
"165","0.0016676471568644047","0.0016676471568644047","0.0016676471568644047","165","165","165","0.0034117596223950386","0.0034117596223950386","0.0034117596223950386","0.2094898617401538","0.2094898617401538","0.2094898617401538"
"166","0.0008981182472780347","0.0008981182472780347","0.0008981182472780347","166","166","166","0.004233074840158224","0.004233074840158224","0.004233074840158224","0.2079152770845749","0.2079152770845749","0.2079152770845749"
"167","0.002616477431729436","0.002616477431729436","0.002616477431729436","167","167","167","0.003043057397007942","0.003043057397007942","0.003043057397007942","0.21270140534920734","0.21270140534920734","0.21270140534920734"
"168","0.0009534992859698832","0.0009534992859698832","0.0009534992859698832","168","168","168","0.0032739113084971905","0.0032739113084971905","0.0032739113084971905","0.2094702474654667","0.2094702474654667","0.2094702474654667"
"169","0.004225522745400667","0.004225522745400667","0.004225522745400667","169","169","169","0.006246019154787064","0.006246019154787064","0.006246019154787064","0.21277614648048226","0.21277614648048226","0.21277614648048226"
"170","0.0076955948024988174","0.0076955948024988174","0.0076955948024988174","170","170","170","0.003265830222517252","0.003265830222517252","0.003265830222517252","0.21250594519593252","0.21250594519593252","0.21250594519593252"
"171","0.00041507481364533305","0.00041507481364533305","0.00041507481364533305","171","171","171","0.00441888440400362","0.00441888440400362","0.00441888440400362","0.20153302298307763","0.20153302298307763","0.20153302298307763"
"172","0.003927781246602535","0.003927781246602535","0.003927781246602535","172","172","172","0.003083847463130951","0.003083847463130951","0.003083847463130951","0.2002029485234131","0.2002029485234131","0.2002029485234131"
"173","0.013273011893033981","0.013273011893033981","0.013273011893033981","173","173","173","0.004023665562272072","0.004023665562272072","0.004023665562272072","0.1987102114338404","0.1987102114338404","0.1987102114338404"
"174","0.0036992395762354136","0.0036992395762354136","0.0036992395762354136","174","174","174","0.00423581013455987","0.00423581013455987","0.00423581013455987","0.198570804537215","0.198570804537215","0.198570804537215"
"175","0.00017936588847078383","0.00017936588847078383","0.00017936588847078383","175","175","175","0.002926273737102747","0.002926273737102747","0.002926273737102747","0.19727190612051027","0.19727190612051027","0.19727190612051027"
"176","0.01003311388194561","0.01003311388194561","0.01003311388194561","176","176","176","0.009500700049102306","0.009500700049102306","0.009500700049102306","0.19810140851084115","0.19810140851084115","0.19810140851084115"
"177","0.006923122331500053","0.006923122331500053","0.006923122331500053","177","177","177","0.0046865688636898994","0.0046865688636898994","0.0046865688636898994","0.1972910875673025","0.1972910875673025","0.1972910875673025"
"178","0.005093125626444817","0.005093125626444817","0.005093125626444817","178","178","178","0.0037442739121615887","0.0037442739121615887","0.0037442739121615887","0.19860537578103174","0.19860537578103174","0.19860537578103174"
"179","0.010750903747975826","0.010750903747975826","0.010750903747975826","179","179","179","0.004190554842352867","0.004190554842352867","0.004190554842352867","0.1975723004014289","0.1975723004014289","0.1975723004014289"
"180","0.000770519720390439","0.000770519720390439","0.000770519720390439","180","180","180","0.0038088439032435417","0.0038088439032435417","0.0038088439032435417","0.19579261115619115","0.19579261115619115","0.19579261115619115"
"181","0.0003879261203110218","0.0003879261203110218","0.0003879261203110218","181","181","181","0.004419635981321335","0.004419635981321335","0.004419635981321335","0.19461581425503638","0.19461581425503638","0.19461581425503638"
"182","0.00020238469005562365","0.00020238469005562365","0.00020238469005562365","182","182","182","0.007102591451257467","0.007102591451257467","0.007102591451257467","0.1960457982082658","0.1960457982082658","0.1960457982082658"
"183","0.0010037721367552876","0.0010037721367552876","0.0010037721367552876","183","183","183","0.00392833212390542","0.00392833212390542","0.00392833212390542","0.19742277858675547","0.19742277858675547","0.19742277858675547"
"184","0.0011668938677757978","0.0011668938677757978","0.0011668938677757978","184","184","184","0.004724069498479366","0.004724069498479366","0.004724069498479366","0.19620754151240105","0.19620754151240105","0.19620754151240105"
"185","0.0012914740946143866","0.0012914740946143866","0.0012914740946143866","185","185","185","0.003994937986135483","0.003994937986135483","0.003994937986135483","0.1951452756672637","0.1951452756672637","0.1951452756672637"
"186","0.0005569761269725859","0.0005569761269725859","0.0005569761269725859","186","186","186","0.003404532792046666","0.003404532792046666","0.003404532792046666","0.19616188927548026","0.19616188927548026","0.19616188927548026"
"187","0.004547841846942902","0.004547841846942902","0.004547841846942902","187","187","187","0.0035395976155996323","0.0035395976155996323","0.0035395976155996323","0.19426447663619772","0.19426447663619772","0.19426447663619772"
"188","0.0009327303268946707","0.0009327303268946707","0.0009327303268946707","188","188","188","0.006166310980916023","0.006166310980916023","0.006166310980916023","0.1949539853878499","0.1949539853878499","0.1949539853878499"
"189","0.005158992949873209","0.005158992949873209","0.005158992949873209","189","189","189","0.004463476128876209","0.004463476128876209","0.004463476128876209","0.19342092231877486","0.19342092231877486","0.19342092231877486"
"190","0.0011458552908152342","0.0011458552908152342","0.0011458552908152342","190","190","190","0.003940105438232422","0.003940105438232422","0.003940105438232422","0.19322979546372263","0.19322979546372263","0.19322979546372263"
"191","0.0017289882525801659","0.0017289882525801659","0.0017289882525801659","191","191","191","0.0033777784556150436","0.0033777784556150436","0.0033777784556150436","0.19338584402386022","0.19338584402386022","0.19338584402386022"
"192","0.005508471745997667","0.005508471745997667","0.005508471745997667","192","192","192","0.006010858342051506","0.006010858342051506","0.006010858342051506","0.19099311012689466","0.19099311012689466","0.19099311012689466"
"193","0.004289703909307718","0.004289703909307718","0.004289703909307718","193","193","193","0.006194896064698696","0.006194896064698696","0.006194896064698696","0.18870599420752335","0.18870599420752335","0.18870599420752335"
"194","0.0021317561622709036","0.0021317561622709036","0.0021317561622709036","194","194","194","0.0036651778500527143","0.0036651778500527143","0.0036651778500527143","0.18915939205112076","0.18915939205112076","0.18915939205112076"
"195","0.0016998789506033063","0.0016998789506033063","0.0016998789506033063","195","195","195","0.0038085600826889277","0.0038085600826889277","0.0038085600826889277","0.1886895174919711","0.1886895174919711","0.1886895174919711"
"196","0.001430549775250256","0.001430549775250256","0.001430549775250256","196","196","196","0.0037912686821073294","0.0037912686821073294","0.0037912686821073294","0.18915830721218202","0.18915830721218202","0.18915830721218202"
"197","0.0027770400047302246","0.0027770400047302246","0.0027770400047302246","197","197","197","0.0031352646183222532","0.0031352646183222532","0.0031352646183222532","0.18845505231902712","0.18845505231902712","0.18845505231902712"
"198","0.0010825962526723742","0.0010825962526723742","0.0010825962526723742","198","198","198","0.004196596797555685","0.004196596797555685","0.004196596797555685","0.1882260532550924","0.1882260532550924","0.1882260532550924"
"199","0.000854776706546545","0.000854776706546545","0.000854776706546545","199","199","199","0.00418121600523591","0.00418121600523591","0.00418121600523591","0.1890791680758281","0.1890791680758281","0.1890791680758281"
"200","0.005579812917858362","0.005579812917858362","0.005579812917858362","200","200","200","0.003141961060464382","0.003141961060464382","0.003141961060464382","0.18709126933165074","0.18709126933165074","0.18709126933165074"
"201","0.004416820127516985","0.004416820127516985","0.004416820127516985","201","201","201","0.003787744790315628","0.003787744790315628","0.003787744790315628","0.1880796732140236","0.1880796732140236","0.1880796732140236"
"202","0.0028141841758042574","0.0028141841758042574","0.0028141841758042574","202","202","202","0.004037375096231699","0.004037375096231699","0.004037375096231699","0.1877599466930736","0.1877599466930736","0.1877599466930736"
"203","0.0010221601696684957","0.0010221601696684957","0.0010221601696684957","203","203","203","0.004257543943822384","0.004257543943822384","0.004257543943822384","0.18798799024884466","0.18798799024884466","0.18798799024884466"
"204","0.001991139492020011","0.001991139492020011","0.001991139492020011","204","204","204","0.003346863901242614","0.003346863901242614","0.003346863901242614","0.18741564875016678","0.18741564875016678","0.18741564875016678"
"205","0.004456720780581236","0.004456720780581236","0.004456720780581236","205","205","205","0.00574155431240797","0.00574155431240797","0.00574155431240797","0.18741877423724154","0.18741877423724154","0.18741877423724154"
"206","0.0014364054659381509","0.0014364054659381509","0.0014364054659381509","206","206","206","0.0054806899279356","0.0054806899279356","0.0054806899279356","0.187354058945727","0.187354058945727","0.187354058945727"
"207","0.0032866476103663445","0.0032866476103663445","0.0032866476103663445","207","207","207","0.003444092348217964","0.003444092348217964","0.003444092348217964","0.18665371586725507","0.18665371586725507","0.18665371586725507"
"208","0.000938916637096554","0.000938916637096554","0.000938916637096554","208","208","208","0.003917532041668892","0.003917532041668892","0.003917532041668892","0.1866685085949321","0.1866685085949321","0.1866685085949321"
"209","0.0014960106927901506","0.0014960106927901506","0.0014960106927901506","209","209","209","0.0033909501507878304","0.0033909501507878304","0.0033909501507878304","0.1866585272006265","0.1866585272006265","0.1866585272006265"
"210","0.009726117365062237","0.009726117365062237","0.009726117365062237","210","210","210","0.006071903742849827","0.006071903742849827","0.006071903742849827","0.18669761211398803","0.18669761211398803","0.18669761211398803"
"211","0.005236556753516197","0.005236556753516197","0.005236556753516197","211","211","211","0.0061610606499016285","0.0061610606499016285","0.0061610606499016285","0.18578662180060138","0.18578662180060138","0.18578662180060138"
"212","0.002471089130267501","0.002471089130267501","0.002471089130267501","212","212","212","0.0033536157570779324","0.0033536157570779324","0.0033536157570779324","0.18630661082019562","0.18630661082019562","0.18630661082019562"
"213","0.0027954294346272945","0.0027954294346272945","0.0027954294346272945","213","213","213","0.004172200337052345","0.004172200337052345","0.004172200337052345","0.1840247209755029","0.1840247209755029","0.1840247209755029"
"214","0.003340678056702018","0.003340678056702018","0.003340678056702018","214","214","214","0.004249006509780884","0.004249006509780884","0.004249006509780884","0.18381056045778166","0.18381056045778166","0.18381056045778166"
"215","0.003832572605460882","0.003832572605460882","0.003832572605460882","215","215","215","0.005242318846285343","0.005242318846285343","0.005242318846285343","0.18421587147704843","0.18421587147704843","0.18421587147704843"
"216","0.0040041860193014145","0.0040041860193014145","0.0040041860193014145","216","216","216","0.002681366167962551","0.002681366167962551","0.002681366167962551","0.18363540300301143","0.18363540300301143","0.18363540300301143"
"217","0.009443801827728748","0.009443801827728748","0.009443801827728748","217","217","217","0.003221152350306511","0.003221152350306511","0.003221152350306511","0.18333695748127066","0.18333695748127066","0.18333695748127066"
"218","0.0033466725144535303","0.0033466725144535303","0.0033466725144535303","218","218","218","0.00294480100274086","0.00294480100274086","0.00294480100274086","0.1838714174697434","0.1838714174697434","0.1838714174697434"
"219","0.0008116215467453003","0.0008116215467453003","0.0008116215467453003","219","219","219","0.0035149897448718548","0.0035149897448718548","0.0035149897448718548","0.18325834375291822","0.18325834375291822","0.18325834375291822"
"220","0.004390556365251541","0.004390556365251541","0.004390556365251541","220","220","220","0.004579906351864338","0.004579906351864338","0.004579906351864338","0.18374437953830625","0.18374437953830625","0.18374437953830625"
"221","0.0009000663412734866","0.0009000663412734866","0.0009000663412734866","221","221","221","0.00354562746360898","0.00354562746360898","0.00354562746360898","0.18302139707433393","0.18302139707433393","0.18302139707433393"
"222","0.00031055932049639523","0.00031055932049639523","0.00031055932049639523","222","222","222","0.003398471511900425","0.003398471511900425","0.003398471511900425","0.18286148238012506","0.18286148238012506","0.18286148238012506"
"223","0.006078619509935379","0.006078619509935379","0.006078619509935379","223","223","223","0.0038097526412457228","0.0038097526412457228","0.0038097526412457228","0.18380460426306583","0.18380460426306583","0.18380460426306583"
"224","0.004290653392672539","0.004290653392672539","0.004290653392672539","224","224","224","0.0061236112378537655","0.0061236112378537655","0.0061236112378537655","0.1830827431214566","0.1830827431214566","0.1830827431214566"
"225","0.0045069074258208275","0.0045069074258208275","0.0045069074258208275","225","225","225","0.008141562342643738","0.008141562342643738","0.008141562342643738","0.18278633013837634","0.18278633013837634","0.18278633013837634"
"226","0.016655759885907173","0.016655759885907173","0.016655759885907173","226","226","226","0.005715422332286835","0.005715422332286835","0.005715422332286835","0.18324791780576782","0.18324791780576782","0.18324791780576782"
"227","0.003404297400265932","0.003404297400265932","0.003404297400265932","227","227","227","0.0034465626813471317","0.0034465626813471317","0.0034465626813471317","0.1830730442471466","0.1830730442471466","0.1830730442471466"
"228","0.00577639602124691","0.00577639602124691","0.00577639602124691","228","228","228","0.007014041766524315","0.007014041766524315","0.007014041766524315","0.18282686760931305","0.18282686760931305","0.18282686760931305"
"229","0.0014980440028011799","0.0014980440028011799","0.0014980440028011799","229","229","229","0.004482938442379236","0.004482938442379236","0.004482938442379236","0.1829728745223566","0.1829728745223566","0.1829728745223566"
"230","0.0010853890562430024","0.0010853890562430024","0.0010853890562430024","230","230","230","0.003818187164142728","0.003818187164142728","0.003818187164142728","0.1826279834788304","0.1826279834788304","0.1826279834788304"
"231","0.004011150449514389","0.004011150449514389","0.004011150449514389","231","231","231","0.0047019366174936295","0.0047019366174936295","0.0047019366174936295","0.1826566995277623","0.1826566995277623","0.1826566995277623"
"232","0.001026836922392249","0.001026836922392249","0.001026836922392249","232","232","232","0.0036155730485916138","0.0036155730485916138","0.0036155730485916138","0.1830561251842811","0.1830561251842811","0.1830561251842811"
"233","0.018223533406853676","0.018223533406853676","0.018223533406853676","233","233","233","0.005133418831974268","0.005133418831974268","0.005133418831974268","0.18219987237436258","0.18219987237436258","0.18219987237436258"
"234","0.0009247621637769043","0.0009247621637769043","0.0009247621637769043","234","234","234","0.003448386676609516","0.003448386676609516","0.003448386676609516","0.18136686133959937","0.18136686133959937","0.18136686133959937"
"235","0.003621100913733244","0.003621100913733244","0.003621100913733244","235","235","235","0.0054901884868741035","0.0054901884868741035","0.0054901884868741035","0.1813777706913544","0.1813777706913544","0.1813777706913544"
"236","0.006340326741337776","0.006340326741337776","0.006340326741337776","236","236","236","0.005434663034975529","0.005434663034975529","0.005434663034975529","0.18103602379898365","0.18103602379898365","0.18103602379898365"
"237","0.0021820757538080215","0.0021820757538080215","0.0021820757538080215","237","237","237","0.004229094833135605","0.004229094833135605","0.004229094833135605","0.18151416860396433","0.18151416860396433","0.18151416860396433"
"238","0.0010196054354310036","0.0010196054354310036","0.0010196054354310036","238","238","238","0.0046412027440965176","0.0046412027440965176","0.0046412027440965176","0.1807181389061256","0.1807181389061256","0.1807181389061256"
"239","0.005438698921352625","0.005438698921352625","0.005438698921352625","239","239","239","0.004686660598963499","0.004686660598963499","0.004686660598963499","0.1807543189869397","0.1807543189869397","0.1807543189869397"
"240","0.003353089326992631","0.003353089326992631","0.003353089326992631","240","240","240","0.0032603233121335506","0.0032603233121335506","0.0032603233121335506","0.1807556448155299","0.1807556448155299","0.1807556448155299"
"241","0.0006525799399241805","0.0006525799399241805","0.0006525799399241805","241","241","241","0.0037861845921725035","0.0037861845921725035","0.0037861845921725035","0.18105966425622722","0.18105966425622722","0.18105966425622722"
"242","0.0005178459105081856","0.0005178459105081856","0.0005178459105081856","242","242","242","0.00557886715978384","0.00557886715978384","0.00557886715978384","0.18077958485338522","0.18077958485338522","0.18077958485338522"
"243","0.006899002008140087","0.006899002008140087","0.006899002008140087","243","243","243","0.004540103953331709","0.004540103953331709","0.004540103953331709","0.18088975186889575","0.18088975186889575","0.18088975186889575"
"244","0.0033481772989034653","0.0033481772989034653","0.0033481772989034653","244","244","244","0.004622377455234528","0.004622377455234528","0.004622377455234528","0.18091095431984835","0.18091095431984835","0.18091095431984835"
"245","0.0006713648908771574","0.0006713648908771574","0.0006713648908771574","245","245","245","0.0053909169510006905","0.0053909169510006905","0.0053909169510006905","0.180908936387459","0.180908936387459","0.180908936387459"
"246","0.001712834695354104","0.001712834695354104","0.001712834695354104","246","246","246","0.0033753495663404465","0.0033753495663404465","0.0033753495663404465","0.18034779497137562","0.18034779497137562","0.18034779497137562"
"247","0.005604695528745651","0.005604695528745651","0.005604695528745651","247","247","247","0.003960737492889166","0.003960737492889166","0.003960737492889166","0.180176325512532","0.180176325512532","0.180176325512532"
"248","0.0029397921171039343","0.0029397921171039343","0.0029397921171039343","248","248","248","0.0040192026644945145","0.0040192026644945145","0.0040192026644945145","0.18133347779297382","0.18133347779297382","0.18133347779297382"
"249","0.0093142194673419","0.0093142194673419","0.0093142194673419","249","249","249","0.004999213386327028","0.004999213386327028","0.004999213386327028","0.18008130758699745","0.18008130758699745","0.18008130758699745"
"250","0.010178519412875175","0.010178519412875175","0.010178519412875175","250","250","250","0.004125985782593489","0.004125985782593489","0.004125985782593489","0.1805143337462568","0.1805143337462568","0.1805143337462568"
"251","0.0012989393435418606","0.0012989393435418606","0.0012989393435418606","251","251","251","0.003058550413697958","0.003058550413697958","0.003058550413697958","0.18075774365836778","0.18075774365836778","0.18075774365836778"
"252","0.004132545553147793","0.004132545553147793","0.004132545553147793","252","252","252","0.002469453029334545","0.002469453029334545","0.002469453029334545","0.18064489807696274","0.18064489807696274","0.18064489807696274"
"253","0.002234559040516615","0.002234559040516615","0.002234559040516615","253","253","253","0.0044294376857578754","0.0044294376857578754","0.0044294376857578754","0.1801714306515631","0.1801714306515631","0.1801714306515631"
"254","0.0010535228066146374","0.0010535228066146374","0.0010535228066146374","254","254","254","0.0030427370220422745","0.0030427370220422745","0.0030427370220422745","0.1804355594410746","0.1804355594410746","0.1804355594410746"
"255","0.0008040848188102245","0.0008040848188102245","0.0008040848188102245","255","255","255","0.0035487920977175236","0.0035487920977175236","0.0035487920977175236","0.17945208016977288","0.17945208016977288","0.17945208016977288"
"256","0.0012988258386030793","0.0012988258386030793","0.0012988258386030793","256","256","256","0.0051795803010463715","0.0051795803010463715","0.0051795803010463715","0.17972174535041444","0.17972174535041444","0.17972174535041444"
"257","0.0007103967946022749","0.0007103967946022749","0.0007103967946022749","257","257","257","0.003527994267642498","0.003527994267642498","0.003527994267642498","0.17991434879043475","0.17991434879043475","0.17991434879043475"
"258","0.0033254087902605534","0.0033254087902605534","0.0033254087902605534","258","258","258","0.0023804984521120787","0.0023804984521120787","0.0023804984521120787","0.17927279851837666","0.17927279851837666","0.17927279851837666"
"259","0.0003687070566229522","0.0003687070566229522","0.0003687070566229522","259","259","259","0.003579528536647558","0.003579528536647558","0.003579528536647558","0.17972114111462517","0.17972114111462517","0.17972114111462517"
"260","0.002664335537701845","0.002664335537701845","0.002664335537701845","260","260","260","0.0030400166288018227","0.0030400166288018227","0.0030400166288018227","0.17968963670241564","0.17968963670241564","0.17968963670241564"
"261","0.0028572336304932833","0.0028572336304932833","0.0028572336304932833","261","261","261","0.004922655411064625","0.004922655411064625","0.004922655411064625","0.179926414193996","0.179926414193996","0.179926414193996"
"262","0.0010094089666381478","0.0010094089666381478","0.0010094089666381478","262","262","262","0.004119449760764837","0.004119449760764837","0.004119449760764837","0.17876470006020923","0.17876470006020923","0.17876470006020923"
"263","0.0022566753905266523","0.0022566753905266523","0.0022566753905266523","263","263","263","0.002200330374762416","0.002200330374762416","0.002200330374762416","0.17979914645415387","0.17979914645415387","0.17979914645415387"
"264","0.005023187957704067","0.005023187957704067","0.005023187957704067","264","264","264","0.0030617187730968","0.0030617187730968","0.0030617187730968","0.17976847846368937","0.17976847846368937","0.17976847846368937"
"265","0.009496036916971207","0.009496036916971207","0.009496036916971207","265","265","265","0.002975668292492628","0.002975668292492628","0.002975668292492628","0.1795316168301574","0.1795316168301574","0.1795316168301574"
"266","0.003173479810357094","0.003173479810357094","0.003173479810357094","266","266","266","0.003964466042816639","0.003964466042816639","0.003964466042816639","0.17977463735843094","0.17977463735843094","0.17977463735843094"
"267","0.002997349016368389","0.002997349016368389","0.002997349016368389","267","267","267","0.005732009187340736","0.005732009187340736","0.005732009187340736","0.18003518229426857","0.18003518229426857","0.18003518229426857"
"268","0.0006118256133049726","0.0006118256133049726","0.0006118256133049726","268","268","268","0.004740441218018532","0.004740441218018532","0.004740441218018532","0.17933269262842189","0.17933269262842189","0.17933269262842189"
"269","0.00039067346369847655","0.00039067346369847655","0.00039067346369847655","269","269","269","0.002758126938715577","0.002758126938715577","0.002758126938715577","0.17908501783871597","0.17908501783871597","0.17908501783871597"
"270","0.024440087378025055","0.024440087378025055","0.024440087378025055","270","270","270","0.004735201597213745","0.004735201597213745","0.004735201597213745","0.17903604906285037","0.17903604906285037","0.17903604906285037"
"271","0.004159002099186182","0.004159002099186182","0.004159002099186182","271","271","271","0.0044869231060147285","0.0044869231060147285","0.0044869231060147285","0.17956555361502982","0.17956555361502982","0.17956555361502982"
"272","0.0012978136073797941","0.0012978136073797941","0.0012978136073797941","272","272","272","0.004835803993046284","0.004835803993046284","0.004835803993046284","0.1791976213430626","0.1791976213430626","0.1791976213430626"
"273","0.00214208010584116","0.00214208010584116","0.00214208010584116","273","273","273","0.005753777455538511","0.005753777455538511","0.005753777455538511","0.17948274127332678","0.17948274127332678","0.17948274127332678"
"274","0.0017962873680517077","0.0017962873680517077","0.0017962873680517077","274","274","274","0.002269258489832282","0.002269258489832282","0.002269258489832282","0.1789531010840264","0.1789531010840264","0.1789531010840264"
"275","0.0017755324952304363","0.0017755324952304363","0.0017755324952304363","275","275","275","0.0033875354565680027","0.0033875354565680027","0.0033875354565680027","0.17960221267095475","0.17960221267095475","0.17960221267095475"
"276","0.00033696062746457756","0.00033696062746457756","0.00033696062746457756","276","276","276","0.0030317455530166626","0.0030317455530166626","0.0030317455530166626","0.17855510541370936","0.17855510541370936","0.17855510541370936"
"277","0.0029856713954359293","0.0029856713954359293","0.0029856713954359293","277","277","277","0.002503250725567341","0.002503250725567341","0.002503250725567341","0.17880815177252798","0.17880815177252798","0.17880815177252798"
"278","0.00018138851737603545","0.00018138851737603545","0.00018138851737603545","278","278","278","0.006042687688022852","0.006042687688022852","0.006042687688022852","0.17913699037044276","0.17913699037044276","0.17913699037044276"
"279","0.031844958662986755","0.031844958662986755","0.031844958662986755","279","279","279","0.0030560630839318037","0.0030560630839318037","0.0030560630839318037","0.17906249111963288","0.17906249111963288","0.17906249111963288"
"280","0.006059120409190655","0.006059120409190655","0.006059120409190655","280","280","280","0.0028270091861486435","0.0028270091861486435","0.0028270091861486435","0.1786444398225693","0.1786444398225693","0.1786444398225693"
"281","0.002638451522216201","0.002638451522216201","0.002638451522216201","281","281","281","0.004038408398628235","0.004038408398628235","0.004038408398628235","0.17930060104718284","0.17930060104718284","0.17930060104718284"
"282","0.0004465491510927677","0.0004465491510927677","0.0004465491510927677","282","282","282","0.0036233090795576572","0.0036233090795576572","0.0036233090795576572","0.17804313517555553","0.17804313517555553","0.17804313517555553"
"283","0.004849234130233526","0.004849234130233526","0.004849234130233526","283","283","283","0.002820727415382862","0.002820727415382862","0.002820727415382862","0.1787735723301544","0.1787735723301544","0.1787735723301544"
"284","0.002907439833506942","0.002907439833506942","0.002907439833506942","284","284","284","0.0039014890789985657","0.0039014890789985657","0.0039014890789985657","0.178385116923251","0.178385116923251","0.178385116923251"
"285","0.0006794749642722309","0.0006794749642722309","0.0006794749642722309","285","285","285","0.003708558389917016","0.003708558389917016","0.003708558389917016","0.1787145446960618","0.1787145446960618","0.1787145446960618"
"286","0.010856270790100098","0.010856270790100098","0.010856270790100098","286","286","286","0.003807078581303358","0.003807078581303358","0.003807078581303358","0.1789866582932263","0.1789866582932263","0.1789866582932263"
"287","0.002582489512860775","0.002582489512860775","0.002582489512860775","287","287","287","0.0035381061024963856","0.0035381061024963856","0.0035381061024963856","0.17856579254740565","0.17856579254740565","0.17856579254740565"
"288","0.00036142414319328964","0.00036142414319328964","0.00036142414319328964","288","288","288","0.0033945455215871334","0.0033945455215871334","0.0033945455215871334","0.17908385759701412","0.17908385759701412","0.17908385759701412"
"289","0.001191348535940051","0.001191348535940051","0.001191348535940051","289","289","289","0.00341808726079762","0.00341808726079762","0.00341808726079762","0.1790955254919036","0.1790955254919036","0.1790955254919036"
"290","0.005079927388578653","0.005079927388578653","0.005079927388578653","290","290","290","0.0031410055235028267","0.0031410055235028267","0.0031410055235028267","0.17938430304749434","0.17938430304749434","0.17938430304749434"
"291","0.001607669866643846","0.001607669866643846","0.001607669866643846","291","291","291","0.0019529762212187052","0.0019529762212187052","0.0019529762212187052","0.1787946140660475","0.1787946140660475","0.1787946140660475"
"292","0.0026664636097848415","0.0026664636097848415","0.0026664636097848415","292","292","292","0.004154762718826532","0.004154762718826532","0.004154762718826532","0.17857640082873996","0.17857640082873996","0.17857640082873996"
"293","0.011430536396801472","0.011430536396801472","0.011430536396801472","293","293","293","0.004777230322360992","0.004777230322360992","0.004777230322360992","0.17891360337993234","0.17891360337993234","0.17891360337993234"
"294","0.008133137598633766","0.008133137598633766","0.008133137598633766","294","294","294","0.0033847219310700893","0.0033847219310700893","0.0033847219310700893","0.1785747585462998","0.1785747585462998","0.1785747585462998"
"295","0.0003827717446256429","0.0003827717446256429","0.0003827717446256429","295","295","295","0.003789643757045269","0.003789643757045269","0.003789643757045269","0.17880393740099204","0.17880393740099204","0.17880393740099204"
"296","0.001290327636525035","0.001290327636525035","0.001290327636525035","296","296","296","0.0031211827881634235","0.0031211827881634235","0.0031211827881634235","0.17891744717301303","0.17891744717301303","0.17891744717301303"
"297","0.003563582431524992","0.003563582431524992","0.003563582431524992","297","297","297","0.0027331470046192408","0.0027331470046192408","0.0027331470046192408","0.17852674654723935","0.17852674654723935","0.17852674654723935"
"298","0.0026382526848465204","0.0026382526848465204","0.0026382526848465204","298","298","298","0.003510124050080776","0.003510124050080776","0.003510124050080776","0.17874071986816317","0.17874071986816317","0.17874071986816317"
"299","0.000693645270075649","0.000693645270075649","0.000693645270075649","299","299","299","0.004009849391877651","0.004009849391877651","0.004009849391877651","0.17894696262270562","0.17894696262270562","0.17894696262270562"
"300","0.0013635701034218073","0.0013635701034218073","0.0013635701034218073","300","300","300","0.0026524383574724197","0.0026524383574724197","0.0026524383574724197","0.1783900013156243","0.1783900013156243","0.1783900013156243"
"301","0.007545020896941423","0.007545020896941423","0.007545020896941423","301","301","301","0.003923447802662849","0.003923447802662849","0.003923447802662849","0.17824417159154818","0.17824417159154818","0.17824417159154818"
"302","0.004098066594451666","0.004098066594451666","0.004098066594451666","302","302","302","0.0034332177601754665","0.0034332177601754665","0.0034332177601754665","0.17866928424203157","0.17866928424203157","0.17866928424203157"
"303","0.00023685007181484252","0.00023685007181484252","0.00023685007181484252","303","303","303","0.0025695422664284706","0.0025695422664284706","0.0025695422664284706","0.17859632847936247","0.17859632847936247","0.17859632847936247"
"304","0.001238245633430779","0.001238245633430779","0.001238245633430779","304","304","304","0.002716334071010351","0.002716334071010351","0.002716334071010351","0.1782888471312288","0.1782888471312288","0.1782888471312288"
"305","0.003975957166403532","0.003975957166403532","0.003975957166403532","305","305","305","0.002680592704564333","0.002680592704564333","0.002680592704564333","0.17860238315198526","0.17860238315198526","0.17860238315198526"
"306","0.0004902996006421745","0.0004902996006421745","0.0004902996006421745","306","306","306","0.0030673015862703323","0.0030673015862703323","0.0030673015862703323","0.1785046391341151","0.1785046391341151","0.1785046391341151"
"307","0.0004901436623185873","0.0004901436623185873","0.0004901436623185873","307","307","307","0.0043837884441018105","0.0043837884441018105","0.0043837884441018105","0.17886884841961212","0.17886884841961212","0.17886884841961212"
"308","0.0027224672958254814","0.0027224672958254814","0.0027224672958254814","308","308","308","0.0032912734895944595","0.0032912734895944595","0.0032912734895944595","0.17864895645330134","0.17864895645330134","0.17864895645330134"
"309","0.006901354528963566","0.006901354528963566","0.006901354528963566","309","309","309","0.0044738552533090115","0.0044738552533090115","0.0044738552533090115","0.17823154993940446","0.17823154993940446","0.17823154993940446"
"310","0.003949134144932032","0.003949134144932032","0.003949134144932032","310","310","310","0.0037137577310204506","0.0037137577310204506","0.0037137577310204506","0.17803144815274793","0.17803144815274793","0.17803144815274793"
"311","0.0029493693727999926","0.0029493693727999926","0.0029493693727999926","311","311","311","0.0062435888685286045","0.0062435888685286045","0.0062435888685286045","0.17872279077319847","0.17872279077319847","0.17872279077319847"
"312","0.00929283257573843","0.00929283257573843","0.00929283257573843","312","312","312","0.009711256250739098","0.009711256250739098","0.009711256250739098","0.17854679402457738","0.17854679402457738","0.17854679402457738"
"313","0.004006848204880953","0.004006848204880953","0.004006848204880953","313","313","313","0.004202874843031168","0.004202874843031168","0.004202874843031168","0.1780728215508745","0.1780728215508745","0.1780728215508745"
"314","0.004237230867147446","0.004237230867147446","0.004237230867147446","314","314","314","0.004857948049902916","0.004857948049902916","0.004857948049902916","0.17889691865633403","0.17889691865633403","0.17889691865633403"
"315","0.013776849955320358","0.013776849955320358","0.013776849955320358","315","315","315","0.005140526685863733","0.005140526685863733","0.005140526685863733","0.17838058824810482","0.17838058824810482","0.17838058824810482"
"316","0.000800254987552762","0.000800254987552762","0.000800254987552762","316","316","316","0.003195587545633316","0.003195587545633316","0.003195587545633316","0.17817932363638703","0.17817932363638703","0.17817932363638703"
"317","0.0018416779348626733","0.0018416779348626733","0.0018416779348626733","317","317","317","0.0024517264682799578","0.0024517264682799578","0.0024517264682799578","0.17905237050959313","0.17905237050959313","0.17905237050959313"
"318","0.001625369070097804","0.001625369070097804","0.001625369070097804","318","318","318","0.0043501220643520355","0.0043501220643520355","0.0043501220643520355","0.1787164070770387","0.1787164070770387","0.1787164070770387"
"319","0.0012640086933970451","0.0012640086933970451","0.0012640086933970451","319","319","319","0.002999501768499613","0.002999501768499613","0.002999501768499613","0.17853201605983185","0.17853201605983185","0.17853201605983185"
"320","0.0068276491947472095","0.0068276491947472095","0.0068276491947472095","320","320","320","0.005754025653004646","0.005754025653004646","0.005754025653004646","0.17831927740962156","0.17831927740962156","0.17831927740962156"
"321","0.00003663484676508233","0.00003663484676508233","0.00003663484676508233","321","321","321","0.004326982889324427","0.004326982889324427","0.004326982889324427","0.17806391605665403","0.17806391605665403","0.17806391605665403"
"322","0.0015101437456905842","0.0015101437456905842","0.0015101437456905842","322","322","322","0.004255793057382107","0.004255793057382107","0.004255793057382107","0.17868551591012286","0.17868551591012286","0.17868551591012286"
"323","0.0034167347475886345","0.0034167347475886345","0.0034167347475886345","323","323","323","0.005767416208982468","0.005767416208982468","0.005767416208982468","0.178761075149244","0.178761075149244","0.178761075149244"
"324","0.0077476161532104015","0.0077476161532104015","0.0077476161532104015","324","324","324","0.002476415131241083","0.002476415131241083","0.002476415131241083","0.17817946722325137","0.17817946722325137","0.17817946722325137"
"325","0.0031454439740628004","0.0031454439740628004","0.0031454439740628004","325","325","325","0.002537844702601433","0.002537844702601433","0.002537844702601433","0.17855752626415922","0.17855752626415922","0.17855752626415922"
"326","0.005171041004359722","0.005171041004359722","0.005171041004359722","326","326","326","0.0032030001748353243","0.0032030001748353243","0.0032030001748353243","0.17822766061960557","0.17822766061960557","0.17822766061960557"
"327","0.0015919040888547897","0.0015919040888547897","0.0015919040888547897","327","327","327","0.002895571757107973","0.002895571757107973","0.002895571757107973","0.17781191725776113","0.17781191725776113","0.17781191725776113"
"328","0.0009452056256122887","0.0009452056256122887","0.0009452056256122887","328","328","328","0.0027961810119450092","0.0027961810119450092","0.0027961810119450092","0.17862805487003258","0.17862805487003258","0.17862805487003258"
"329","0.00543771218508482","0.00543771218508482","0.00543771218508482","329","329","329","0.004665977321565151","0.004665977321565151","0.004665977321565151","0.17852883997147315","0.17852883997147315","0.17852883997147315"
"330","0.0034493503626435995","0.0034493503626435995","0.0034493503626435995","330","330","330","0.003735798876732588","0.003735798876732588","0.003735798876732588","0.17872725401962203","0.17872725401962203","0.17872725401962203"
"331","0.008982679806649685","0.008982679806649685","0.008982679806649685","331","331","331","0.005970330908894539","0.005970330908894539","0.005970330908894539","0.17862564122902932","0.17862564122902932","0.17862564122902932"
"332","0.00395604781806469","0.00395604781806469","0.00395604781806469","332","332","332","0.005440333858132362","0.005440333858132362","0.005440333858132362","0.1782799738445274","0.1782799738445274","0.1782799738445274"
"333","0.004633605945855379","0.004633605945855379","0.004633605945855379","333","333","333","0.003364001400768757","0.003364001400768757","0.003364001400768757","0.17858838393341214","0.17858838393341214","0.17858838393341214"
"334","0.0005275623989291489","0.0005275623989291489","0.0005275623989291489","334","334","334","0.0035792666021734476","0.0035792666021734476","0.0035792666021734476","0.17831368416001","0.17831368416001","0.17831368416001"
"335","0.008006194606423378","0.008006194606423378","0.008006194606423378","335","335","335","0.0049442630261182785","0.0049442630261182785","0.0049442630261182785","0.17814255315196856","0.17814255315196856","0.17814255315196856"
"336","0.00254604360088706","0.00254604360088706","0.00254604360088706","336","336","336","0.004612245596945286","0.004612245596945286","0.004612245596945286","0.17830757638260988","0.17830757638260988","0.17830757638260988"
"337","0.002985995030030608","0.002985995030030608","0.002985995030030608","337","337","337","0.003784279339015484","0.003784279339015484","0.003784279339015484","0.17824692575987086","0.17824692575987086","0.17824692575987086"
"338","0.0020797669421881437","0.0020797669421881437","0.0020797669421881437","338","338","338","0.0031484344508498907","0.0031484344508498907","0.0031484344508498907","0.1782672406625217","0.1782672406625217","0.1782672406625217"
"339","0.00011076895316364244","0.00011076895316364244","0.00011076895316364244","339","339","339","0.0030888160690665245","0.0030888160690665245","0.0030888160690665245","0.17841454952727934","0.17841454952727934","0.17841454952727934"
"340","0.005810730159282684","0.005810730159282684","0.005810730159282684","340","340","340","0.006001516245305538","0.006001516245305538","0.006001516245305538","0.1783012852727003","0.1783012852727003","0.1783012852727003"
"341","0.00015202804934233427","0.00015202804934233427","0.00015202804934233427","341","341","341","0.0022742850705981255","0.0022742850705981255","0.0022742850705981255","0.17820615555313143","0.17820615555313143","0.17820615555313143"
"342","0.004296811763197184","0.004296811763197184","0.004296811763197184","342","342","342","0.003759872168302536","0.003759872168302536","0.003759872168302536","0.1786571870487121","0.1786571870487121","0.1786571870487121"
"343","0.005978456232696772","0.005978456232696772","0.005978456232696772","343","343","343","0.003048419952392578","0.003048419952392578","0.003048419952392578","0.17852331636812582","0.17852331636812582","0.17852331636812582"
"344","0.0007986546843312681","0.0007986546843312681","0.0007986546843312681","344","344","344","0.003300098702311516","0.003300098702311516","0.003300098702311516","0.1786847099449875","0.1786847099449875","0.1786847099449875"
"345","0.0038341758772730827","0.0038341758772730827","0.0038341758772730827","345","345","345","0.003548466134816408","0.003548466134816408","0.003548466134816408","0.17827345090498753","0.17827345090498753","0.17827345090498753"
"346","0.0007357086869888008","0.0007357086869888008","0.0007357086869888008","346","346","346","0.0027542056050151587","0.0027542056050151587","0.0027542056050151587","0.17820689291640474","0.17820689291640474","0.17820689291640474"
"347","0.006653690245002508","0.006653690245002508","0.006653690245002508","347","347","347","0.0028380872681736946","0.0028380872681736946","0.0028380872681736946","0.17870792577289302","0.17870792577289302","0.17870792577289302"
"348","0.001631006714887917","0.001631006714887917","0.001631006714887917","348","348","348","0.003850080305710435","0.003850080305710435","0.003850080305710435","0.17795520710947588","0.17795520710947588","0.17795520710947588"
"349","0.0014499463140964508","0.0014499463140964508","0.0014499463140964508","349","349","349","0.003665001131594181","0.003665001131594181","0.003665001131594181","0.17844156673939493","0.17844156673939493","0.17844156673939493"
"350","0.0003930383245460689","0.0003930383245460689","0.0003930383245460689","350","350","350","0.0023297197185456753","0.0023297197185456753","0.0023297197185456753","0.17864033076670263","0.17864033076670263","0.17864033076670263"
"351","0.0022584327962249517","0.0022584327962249517","0.0022584327962249517","351","351","351","0.0026993760839104652","0.0026993760839104652","0.0026993760839104652","0.1778601585921738","0.1778601585921738","0.1778601585921738"
"352","0.0005915333749726415","0.0005915333749726415","0.0005915333749726415","352","352","352","0.0025740587152540684","0.0025740587152540684","0.0025740587152540684","0.17812688749147626","0.17812688749147626","0.17812688749147626"
"353","0.0021401019766926765","0.0021401019766926765","0.0021401019766926765","353","353","353","0.0040542492642998695","0.0040542492642998695","0.0040542492642998695","0.178343358957824","0.178343358957824","0.178343358957824"
"354","0.0052453274838626385","0.0052453274838626385","0.0052453274838626385","354","354","354","0.0040642814710736275","0.0040642814710736275","0.0040642814710736275","0.17887361575293556","0.17887361575293556","0.17887361575293556"
"355","0.00013232049241196364","0.00013232049241196364","0.00013232049241196364","355","355","355","0.0031760965939611197","0.0031760965939611197","0.0031760965939611197","0.1782925806630889","0.1782925806630889","0.1782925806630889"
"356","0.0069355955347418785","0.0069355955347418785","0.0069355955347418785","356","356","356","0.004229068290442228","0.004229068290442228","0.004229068290442228","0.17807702088301955","0.17807702088301955","0.17807702088301955"
"357","0.0018803400453180075","0.0018803400453180075","0.0018803400453180075","357","357","357","0.0033666726667433977","0.0033666726667433977","0.0033666726667433977","0.17824501189293995","0.17824501189293995","0.17824501189293995"
"358","0.013410617597401142","0.013410617597401142","0.013410617597401142","358","358","358","0.0036405539140105247","0.0036405539140105247","0.0036405539140105247","0.1786413581389492","0.1786413581389492","0.1786413581389492"
"359","0.002409168053418398","0.002409168053418398","0.002409168053418398","359","359","359","0.008888298645615578","0.008888298645615578","0.008888298645615578","0.17841209826015292","0.17841209826015292","0.17841209826015292"
"360","0.0022681124974042177","0.0022681124974042177","0.0022681124974042177","360","360","360","0.0026684177573770285","0.0026684177573770285","0.0026684177573770285","0.17786285626448398","0.17786285626448398","0.17786285626448398"
"361","0.027883445844054222","0.027883445844054222","0.027883445844054222","361","361","361","0.002671890426427126","0.002671890426427126","0.002671890426427126","0.17829316570645287","0.17829316570645287","0.17829316570645287"
"362","0.0008655292331241071","0.0008655292331241071","0.0008655292331241071","362","362","362","0.004003080073744059","0.004003080073744059","0.004003080073744059","0.17853869802802894","0.17853869802802894","0.17853869802802894"
"363","0.004889475181698799","0.004889475181698799","0.004889475181698799","363","363","363","0.00384931406006217","0.00384931406006217","0.00384931406006217","0.17825870835776184","0.17825870835776184","0.17825870835776184"
"364","0.0009600220946595073","0.0009600220946595073","0.0009600220946595073","364","364","364","0.004471142776310444","0.004471142776310444","0.004471142776310444","0.1775437199659039","0.1775437199659039","0.1775437199659039"
"365","0.0010263043222948909","0.0010263043222948909","0.0010263043222948909","365","365","365","0.0029836841858923435","0.0029836841858923435","0.0029836841858923435","0.17830737358428747","0.17830737358428747","0.17830737358428747"
"366","0.010755305178463459","0.010755305178463459","0.010755305178463459","366","366","366","0.003986331634223461","0.003986331634223461","0.003986331634223461","0.17849803466362896","0.17849803466362896","0.17849803466362896"
"367","0.007433724589645863","0.007433724589645863","0.007433724589645863","367","367","367","0.004338802769780159","0.004338802769780159","0.004338802769780159","0.1788817154571116","0.1788817154571116","0.1788817154571116"
"368","0.000979964155703783","0.000979964155703783","0.000979964155703783","368","368","368","0.0031771459616720676","0.0031771459616720676","0.0031771459616720676","0.1783658739243112","0.1783658739243112","0.1783658739243112"
"369","0.0031918680761009455","0.0031918680761009455","0.0031918680761009455","369","369","369","0.007500323932617903","0.007500323932617903","0.007500323932617903","0.17813929905291317","0.17813929905291317","0.17813929905291317"
"370","0.001366051146760583","0.001366051146760583","0.001366051146760583","370","370","370","0.0024331328459084034","0.0024331328459084034","0.0024331328459084034","0.17833687351232114","0.17833687351232114","0.17833687351232114"
"371","0.0038141256663948298","0.0038141256663948298","0.0038141256663948298","371","371","371","0.003541901707649231","0.003541901707649231","0.003541901707649231","0.17815675183292076","0.17815675183292076","0.17815675183292076"
"372","0.004137591924518347","0.004137591924518347","0.004137591924518347","372","372","372","0.003626201068982482","0.003626201068982482","0.003626201068982482","0.17812886820935978","0.17812886820935978","0.17812886820935978"
"373","0.0009468502248637378","0.0009468502248637378","0.0009468502248637378","373","373","373","0.0037452394608408213","0.0037452394608408213","0.0037452394608408213","0.17867813375629707","0.17867813375629707","0.17867813375629707"
"374","0.0005578351556323469","0.0005578351556323469","0.0005578351556323469","374","374","374","0.002426478546112776","0.002426478546112776","0.002426478546112776","0.17842337168435218","0.17842337168435218","0.17842337168435218"
"375","0.0012973465491086245","0.0012973465491086245","0.0012973465491086245","375","375","375","0.004243840929120779","0.004243840929120779","0.004243840929120779","0.17798119132186033","0.17798119132186033","0.17798119132186033"
"376","0.0033586688805371523","0.0033586688805371523","0.0033586688805371523","376","376","376","0.0028253579512238503","0.0028253579512238503","0.0028253579512238503","0.17803275756579384","0.17803275756579384","0.17803275756579384"
"377","0.0035492603201419115","0.0035492603201419115","0.0035492603201419115","377","377","377","0.00362748047336936","0.00362748047336936","0.00362748047336936","0.17785460180755597","0.17785460180755597","0.17785460180755597"
"378","0.00012388690083753318","0.00012388690083753318","0.00012388690083753318","378","378","378","0.004239617846906185","0.004239617846906185","0.004239617846906185","0.1778864665415773","0.1778864665415773","0.1778864665415773"
"379","0.004328313749283552","0.004328313749283552","0.004328313749283552","379","379","379","0.003570668864995241","0.003570668864995241","0.003570668864995241","0.17869535194208047","0.17869535194208047","0.17869535194208047"
"380","0.001714168000034988","0.001714168000034988","0.001714168000034988","380","380","380","0.004396793898195028","0.004396793898195028","0.004396793898195028","0.1780328552051073","0.1780328552051073","0.1780328552051073"
"381","0.0009018651908263564","0.0009018651908263564","0.0009018651908263564","381","381","381","0.00348890433087945","0.00348890433087945","0.00348890433087945","0.1785381056247016","0.1785381056247016","0.1785381056247016"
"382","0.0026361343916505575","0.0026361343916505575","0.0026361343916505575","382","382","382","0.002754464978352189","0.002754464978352189","0.002754464978352189","0.17840073467333079","0.17840073467333079","0.17840073467333079"
"383","0.0018007423495873809","0.0018007423495873809","0.0018007423495873809","383","383","383","0.004549551755189896","0.004549551755189896","0.004549551755189896","0.17831125225732805","0.17831125225732805","0.17831125225732805"
"384","0.0007376916473731399","0.0007376916473731399","0.0007376916473731399","384","384","384","0.0032522096298635006","0.0032522096298635006","0.0032522096298635006","0.1787105506042971","0.1787105506042971","0.1787105506042971"
"385","0.0025670898612588644","0.0025670898612588644","0.0025670898612588644","385","385","385","0.004184116143733263","0.004184116143733263","0.004184116143733263","0.17857387994299523","0.17857387994299523","0.17857387994299523"
"386","0.0035039356444031","0.0035039356444031","0.0035039356444031","386","386","386","0.004854071885347366","0.004854071885347366","0.004854071885347366","0.17855681555157124","0.17855681555157124","0.17855681555157124"
"387","0.004609247203916311","0.004609247203916311","0.004609247203916311","387","387","387","0.0030213380232453346","0.0030213380232453346","0.0030213380232453346","0.17864836916140098","0.17864836916140098","0.17864836916140098"
"388","0.0064416187815368176","0.0064416187815368176","0.0064416187815368176","388","388","388","0.004478994756937027","0.004478994756937027","0.004478994756937027","0.1782548383839768","0.1782548383839768","0.1782548383839768"
"389","0.0020959600806236267","0.0020959600806236267","0.0020959600806236267","389","389","389","0.003666545497253537","0.003666545497253537","0.003666545497253537","0.17890848247962154","0.17890848247962154","0.17890848247962154"
"390","0.0015895642573013902","0.0015895642573013902","0.0015895642573013902","390","390","390","0.003863598220050335","0.003863598220050335","0.003863598220050335","0.17879345461993432","0.17879345461993432","0.17879345461993432"
"391","0.006963714025914669","0.006963714025914669","0.006963714025914669","391","391","391","0.002694284776225686","0.002694284776225686","0.002694284776225686","0.1781533009070658","0.1781533009070658","0.1781533009070658"
"392","0.0026634791865944862","0.0026634791865944862","0.0026634791865944862","392","392","392","0.004164824262261391","0.004164824262261391","0.004164824262261391","0.17858745933955195","0.17858745933955195","0.17858745933955195"
"393","0.004254443105310202","0.004254443105310202","0.004254443105310202","393","393","393","0.004255049861967564","0.004255049861967564","0.004255049861967564","0.1783485494982555","0.1783485494982555","0.1783485494982555"
"394","0.0031941989436745644","0.0031941989436745644","0.0031941989436745644","394","394","394","0.0031428069341927767","0.0031428069341927767","0.0031428069341927767","0.17855997640087393","0.17855997640087393","0.17855997640087393"
"395","0.000770698010455817","0.000770698010455817","0.000770698010455817","395","395","395","0.004609256982803345","0.004609256982803345","0.004609256982803345","0.17763900678505776","0.17763900678505776","0.17763900678505776"
"396","0.00043052053661085665","0.00043052053661085665","0.00043052053661085665","396","396","396","0.001956550870090723","0.001956550870090723","0.001956550870090723","0.17763482358585408","0.17763482358585408","0.17763482358585408"
"397","0.0021688106935471296","0.0021688106935471296","0.0021688106935471296","397","397","397","0.008654586970806122","0.008654586970806122","0.008654586970806122","0.1779979269385608","0.1779979269385608","0.1779979269385608"
"398","0.0032946330029517412","0.0032946330029517412","0.0032946330029517412","398","398","398","0.004479533992707729","0.004479533992707729","0.004479533992707729","0.17776514702827703","0.17776514702827703","0.17776514702827703"
"399","0.0018409340409561992","0.0018409340409561992","0.0018409340409561992","399","399","399","0.0046011279337108135","0.0046011279337108135","0.0046011279337108135","0.17836264151810272","0.17836264151810272","0.17836264151810272"
"400","0.006646846886724234","0.006646846886724234","0.006646846886724234","400","400","400","0.006022140383720398","0.006022140383720398","0.006022140383720398","0.17861074050402695","0.17861074050402695","0.17861074050402695"
"401","0.01188109815120697","0.01188109815120697","0.01188109815120697","401","401","401","0.003950995393097401","0.003950995393097401","0.003950995393097401","0.17866890321033957","0.17866890321033957","0.17866890321033957"
"402","0.0024578359443694353","0.0024578359443694353","0.0024578359443694353","402","402","402","0.0028529688715934753","0.0028529688715934753","0.0028529688715934753","0.1780945749608199","0.1780945749608199","0.1780945749608199"
"403","0.0027998529840260744","0.0027998529840260744","0.0027998529840260744","403","403","403","0.004535496234893799","0.004535496234893799","0.004535496234893799","0.1785139790197619","0.1785139790197619","0.1785139790197619"
"404","0.001000489923171699","0.001000489923171699","0.001000489923171699","404","404","404","0.002807866781949997","0.002807866781949997","0.002807866781949997","0.17823223393679993","0.17823223393679993","0.17823223393679993"
"405","0.00048567031626589596","0.00048567031626589596","0.00048567031626589596","405","405","405","0.0034400755539536476","0.0034400755539536476","0.0034400755539536476","0.17792990923824814","0.17792990923824814","0.17792990923824814"
"406","0.0023275702260434628","0.0023275702260434628","0.0023275702260434628","406","406","406","0.0028536529280245304","0.0028536529280245304","0.0028536529280245304","0.17836105804779043","0.17836105804779043","0.17836105804779043"
"407","0.003367680823430419","0.003367680823430419","0.003367680823430419","407","407","407","0.008278529159724712","0.008278529159724712","0.008278529159724712","0.17823462232784545","0.17823462232784545","0.17823462232784545"
"408","0.0004702082078438252","0.0004702082078438252","0.0004702082078438252","408","408","408","0.0030970112420618534","0.0030970112420618534","0.0030970112420618534","0.17820518514380654","0.17820518514380654","0.17820518514380654"
"409","0.0054226829670369625","0.0054226829670369625","0.0054226829670369625","409","409","409","0.005277757532894611","0.005277757532894611","0.005277757532894611","0.177652762175663","0.177652762175663","0.177652762175663"
"410","0.002164230914786458","0.002164230914786458","0.002164230914786458","410","410","410","0.0033425409346818924","0.0033425409346818924","0.0033425409346818924","0.1786602022407768","0.1786602022407768","0.1786602022407768"
"411","0.001151445903815329","0.001151445903815329","0.001151445903815329","411","411","411","0.0027660373598337173","0.0027660373598337173","0.0027660373598337173","0.17793422097570993","0.17793422097570993","0.17793422097570993"
"412","0.0018953046528622508","0.0018953046528622508","0.0018953046528622508","412","412","412","0.003598411800339818","0.003598411800339818","0.003598411800339818","0.17771292912655332","0.17771292912655332","0.17771292912655332"
"413","0.0048655248247087","0.0048655248247087","0.0048655248247087","413","413","413","0.0023716138675808907","0.0023716138675808907","0.0023716138675808907","0.17869951330713577","0.17869951330713577","0.17869951330713577"
"414","0.012164692394435406","0.012164692394435406","0.012164692394435406","414","414","414","0.002881390042603016","0.002881390042603016","0.002881390042603016","0.17862540152337816","0.17862540152337816","0.17862540152337816"
"415","0.014611425809562206","0.014611425809562206","0.014611425809562206","415","415","415","0.0033691523130983114","0.0033691523130983114","0.0033691523130983114","0.17846134021783017","0.17846134021783017","0.17846134021783017"
"416","0.00681511964648962","0.00681511964648962","0.00681511964648962","416","416","416","0.006656666286289692","0.006656666286289692","0.006656666286289692","0.1783861465256034","0.1783861465256034","0.1783861465256034"
"417","0.0050202589482069016","0.0050202589482069016","0.0050202589482069016","417","417","417","0.011347672902047634","0.011347672902047634","0.011347672902047634","0.17821483555785703","0.17821483555785703","0.17821483555785703"
"418","0.0017607378540560603","0.0017607378540560603","0.0017607378540560603","418","418","418","0.004614802543073893","0.004614802543073893","0.004614802543073893","0.17867952170838428","0.17867952170838428","0.17867952170838428"
"419","0.0012205782113596797","0.0012205782113596797","0.0012205782113596797","419","419","419","0.0037450077943503857","0.0037450077943503857","0.0037450077943503857","0.17863209974738747","0.17863209974738747","0.17863209974738747"
"420","0.0008843739051371813","0.0008843739051371813","0.0008843739051371813","420","420","420","0.005302491597831249","0.005302491597831249","0.005302491597831249","0.17823623160717783","0.17823623160717783","0.17823623160717783"
"421","0.004690306261181831","0.004690306261181831","0.004690306261181831","421","421","421","0.004070944152772427","0.004070944152772427","0.004070944152772427","0.1785703442116861","0.1785703442116861","0.1785703442116861"
"422","0.000573707977309823","0.000573707977309823","0.000573707977309823","422","422","422","0.005907672457396984","0.005907672457396984","0.005907672457396984","0.17837845578780495","0.17837845578780495","0.17837845578780495"
"423","0.00008597759733675048","0.00008597759733675048","0.00008597759733675048","423","423","423","0.0029605617746710777","0.0029605617746710777","0.0029605617746710777","0.17797462963807265","0.17797462963807265","0.17797462963807265"
"424","0.0026588276959955692","0.0026588276959955692","0.0026588276959955692","424","424","424","0.0037769554182887077","0.0037769554182887077","0.0037769554182887077","0.17838912810327784","0.17838912810327784","0.17838912810327784"
"425","0.0015591507544741035","0.0015591507544741035","0.0015591507544741035","425","425","425","0.0032085978891700506","0.0032085978891700506","0.0032085978891700506","0.17859868049449562","0.17859868049449562","0.17859868049449562"
"426","0.0007339889998547733","0.0007339889998547733","0.0007339889998547733","426","426","426","0.0031847944483160973","0.0031847944483160973","0.0031847944483160973","0.178224029340859","0.178224029340859","0.178224029340859"
"427","0.00419788621366024","0.00419788621366024","0.00419788621366024","427","427","427","0.006214258261024952","0.006214258261024952","0.006214258261024952","0.1782221920224618","0.1782221920224618","0.1782221920224618"
"428","0.0034362461883574724","0.0034362461883574724","0.0034362461883574724","428","428","428","0.0036794040352106094","0.0036794040352106094","0.0036794040352106094","0.17857180203120504","0.17857180203120504","0.17857180203120504"
"429","0.005092383362352848","0.005092383362352848","0.005092383362352848","429","429","429","0.004266127943992615","0.004266127943992615","0.004266127943992615","0.17872434775870108","0.17872434775870108","0.17872434775870108"
"430","0.00040517206070944667","0.00040517206070944667","0.00040517206070944667","430","430","430","0.003051284933462739","0.003051284933462739","0.003051284933462739","0.17830907955682787","0.17830907955682787","0.17830907955682787"
"431","0.0066109346225857735","0.0066109346225857735","0.0066109346225857735","431","431","431","0.0029859363567084074","0.0029859363567084074","0.0029859363567084074","0.17749859292196063","0.17749859292196063","0.17749859292196063"
"432","0.009961468167603016","0.009961468167603016","0.009961468167603016","432","432","432","0.00400313688442111","0.00400313688442111","0.00400313688442111","0.1777350938927142","0.1777350938927142","0.1777350938927142"
"433","0.0009668126585893333","0.0009668126585893333","0.0009668126585893333","433","433","433","0.003386192722246051","0.003386192722246051","0.003386192722246051","0.17801304856690395","0.17801304856690395","0.17801304856690395"
"434","0.0008570810314267874","0.0008570810314267874","0.0008570810314267874","434","434","434","0.004459786228835583","0.004459786228835583","0.004459786228835583","0.17783366400810693","0.17783366400810693","0.17783366400810693"
"435","0.006535671651363373","0.006535671651363373","0.006535671651363373","435","435","435","0.004745040088891983","0.004745040088891983","0.004745040088891983","0.1779413270387569","0.1779413270387569","0.1779413270387569"
"436","0.0008058301755227149","0.0008058301755227149","0.0008058301755227149","436","436","436","0.004152024630457163","0.004152024630457163","0.004152024630457163","0.17809887184626882","0.17809887184626882","0.17809887184626882"
"437","0.001081460271961987","0.001081460271961987","0.001081460271961987","437","437","437","0.0036254427395761013","0.0036254427395761013","0.0036254427395761013","0.17806178472062234","0.17806178472062234","0.17806178472062234"
"438","0.00045684841461479664","0.00045684841461479664","0.00045684841461479664","438","438","438","0.003989281132817268","0.003989281132817268","0.003989281132817268","0.1779094044878615","0.1779094044878615","0.1779094044878615"
"439","0.0020016541238874197","0.0020016541238874197","0.0020016541238874197","439","439","439","0.0037100445479154587","0.0037100445479154587","0.0037100445479154587","0.1783132895725925","0.1783132895725925","0.1783132895725925"
"440","0.003510963637381792","0.003510963637381792","0.003510963637381792","440","440","440","0.003862293902784586","0.003862293902784586","0.003862293902784586","0.17784973695471812","0.17784973695471812","0.17784973695471812"
"441","0.0021680104546248913","0.0021680104546248913","0.0021680104546248913","441","441","441","0.004957251716405153","0.004957251716405153","0.004957251716405153","0.17783966959997247","0.17783966959997247","0.17783966959997247"
"442","0.00009912076347973198","0.00009912076347973198","0.00009912076347973198","442","442","442","0.003195846686139703","0.003195846686139703","0.003195846686139703","0.17835844773971968","0.17835844773971968","0.17835844773971968"
"443","0.0020996842067688704","0.0020996842067688704","0.0020996842067688704","443","443","443","0.0028105454985052347","0.0028105454985052347","0.0028105454985052347","0.1785182524460956","0.1785182524460956","0.1785182524460956"
"444","0.0072673410177230835","0.0072673410177230835","0.0072673410177230835","444","444","444","0.007595475763082504","0.007595475763082504","0.007595475763082504","0.17771780676410212","0.17771780676410212","0.17771780676410212"
"445","0.003759215585887432","0.003759215585887432","0.003759215585887432","445","445","445","0.002697936724871397","0.002697936724871397","0.002697936724871397","0.17838579484161163","0.17838579484161163","0.17838579484161163"
"446","0.0028885400388389826","0.0028885400388389826","0.0028885400388389826","446","446","446","0.004765135236084461","0.004765135236084461","0.004765135236084461","0.17823361492211046","0.17823361492211046","0.17823361492211046"
"447","0.005477330647408962","0.005477330647408962","0.005477330647408962","447","447","447","0.006109313108026981","0.006109313108026981","0.006109313108026981","0.17772837129727365","0.17772837129727365","0.17772837129727365"
"448","0.0010148788569495082","0.0010148788569495082","0.0010148788569495082","448","448","448","0.003920506685972214","0.003920506685972214","0.003920506685972214","0.17851030208835453","0.17851030208835453","0.17851030208835453"
"449","0.0005388559075072408","0.0005388559075072408","0.0005388559075072408","449","449","449","0.004146965220570564","0.004146965220570564","0.004146965220570564","0.178104689301375","0.178104689301375","0.178104689301375"
"450","0.001982384594157338","0.001982384594157338","0.001982384594157338","450","450","450","0.0025416682474315166","0.0025416682474315166","0.0025416682474315166","0.1782392088075786","0.1782392088075786","0.1782392088075786"
"451","0.0005773452576249838","0.0005773452576249838","0.0005773452576249838","451","451","451","0.0021083331666886806","0.0021083331666886806","0.0021083331666886806","0.178317860754906","0.178317860754906","0.178317860754906"
"452","0.00288271252065897","0.00288271252065897","0.00288271252065897","452","452","452","0.004930809140205383","0.004930809140205383","0.004930809140205383","0.17805059569947523","0.17805059569947523","0.17805059569947523"
"453","0.001091108308173716","0.001091108308173716","0.001091108308173716","453","453","453","0.004897878505289555","0.004897878505289555","0.004897878505289555","0.17857620099467658","0.17857620099467658","0.17857620099467658"
"454","0.0016999150393530726","0.0016999150393530726","0.0016999150393530726","454","454","454","0.00418103439733386","0.00418103439733386","0.00418103439733386","0.17814853722300636","0.17814853722300636","0.17814853722300636"
"455","0.0031313521321862936","0.0031313521321862936","0.0031313521321862936","455","455","455","0.004481278359889984","0.004481278359889984","0.004481278359889984","0.177943240352769","0.177943240352769","0.177943240352769"
"456","0.0034682368859648705","0.0034682368859648705","0.0034682368859648705","456","456","456","0.003135837148874998","0.003135837148874998","0.003135837148874998","0.17842777779890664","0.17842777779890664","0.17842777779890664"
"457","0.003082526847720146","0.003082526847720146","0.003082526847720146","457","457","457","0.0036170617677271366","0.0036170617677271366","0.0036170617677271366","0.17824741463837146","0.17824741463837146","0.17824741463837146"
"458","0.0018903686432167888","0.0018903686432167888","0.0018903686432167888","458","458","458","0.005318600684404373","0.005318600684404373","0.005318600684404373","0.17808197978119877","0.17808197978119877","0.17808197978119877"
"459","0.008520904928445816","0.008520904928445816","0.008520904928445816","459","459","459","0.004800030495971441","0.004800030495971441","0.004800030495971441","0.17860129101759034","0.17860129101759034","0.17860129101759034"
"460","0.008666770532727242","0.008666770532727242","0.008666770532727242","460","460","460","0.003783329389989376","0.003783329389989376","0.003783329389989376","0.1781694745862639","0.1781694745862639","0.1781694745862639"
"461","0.005960207898169756","0.005960207898169756","0.005960207898169756","461","461","461","0.002417623531073332","0.002417623531073332","0.002417623531073332","0.17798147609346407","0.17798147609346407","0.17798147609346407"
"462","0.0023798029869794846","0.0023798029869794846","0.0023798029869794846","462","462","462","0.0048801773227751255","0.0048801773227751255","0.0048801773227751255","0.17809396813245587","0.17809396813245587","0.17809396813245587"
"463","0.002437778515741229","0.002437778515741229","0.002437778515741229","463","463","463","0.0038343220949172974","0.0038343220949172974","0.0038343220949172974","0.17805552937841446","0.17805552937841446","0.17805552937841446"
"464","0.002170161111280322","0.002170161111280322","0.002170161111280322","464","464","464","0.005470664240419865","0.005470664240419865","0.005470664240419865","0.1779952196577509","0.1779952196577509","0.1779952196577509"
"465","0.001994635444134474","0.001994635444134474","0.001994635444134474","465","465","465","0.0029921019449830055","0.0029921019449830055","0.0029921019449830055","0.1780289494298311","0.1780289494298311","0.1780289494298311"
"466","0.00565284164622426","0.00565284164622426","0.00565284164622426","466","466","466","0.003556172363460064","0.003556172363460064","0.003556172363460064","0.1779265592139275","0.1779265592139275","0.1779265592139275"
"467","0.004722189623862505","0.004722189623862505","0.004722189623862505","467","467","467","0.0030032272916287184","0.0030032272916287184","0.0030032272916287184","0.1781088355103121","0.1781088355103121","0.1781088355103121"
"468","0.0021177800372242928","0.0021177800372242928","0.0021177800372242928","468","468","468","0.004007581155747175","0.004007581155747175","0.004007581155747175","0.17850568204952302","0.17850568204952302","0.17850568204952302"
"469","0.031060613691806793","0.031060613691806793","0.031060613691806793","469","469","469","0.004963007289916277","0.004963007289916277","0.004963007289916277","0.17849116696694098","0.17849116696694098","0.17849116696694098"
"470","0.005060775671154261","0.005060775671154261","0.005060775671154261","470","470","470","0.003596867434680462","0.003596867434680462","0.003596867434680462","0.17758714318447472","0.17758714318447472","0.17758714318447472"
"471","0.0021757481154054403","0.0021757481154054403","0.0021757481154054403","471","471","471","0.005435599945485592","0.005435599945485592","0.005435599945485592","0.17766432691741005","0.17766432691741005","0.17766432691741005"
"472","0.006538663525134325","0.006538663525134325","0.006538663525134325","472","472","472","0.003954906016588211","0.003954906016588211","0.003954906016588211","0.17772892816021035","0.17772892816021035","0.17772892816021035"
"473","0.000546917028259486","0.000546917028259486","0.000546917028259486","473","473","473","0.003662833943963051","0.003662833943963051","0.003662833943963051","0.17792392453442551","0.17792392453442551","0.17792392453442551"
"474","0.0032180550042539835","0.0032180550042539835","0.0032180550042539835","474","474","474","0.0067214882001280785","0.0067214882001280785","0.0067214882001280785","0.17842657933822983","0.17842657933822983","0.17842657933822983"
"475","0.0001777519064489752","0.0001777519064489752","0.0001777519064489752","475","475","475","0.003975517116487026","0.003975517116487026","0.003975517116487026","0.17802572754136659","0.17802572754136659","0.17802572754136659"
"476","0.0035615258384495974","0.0035615258384495974","0.0035615258384495974","476","476","476","0.009160427376627922","0.009160427376627922","0.009160427376627922","0.177725475093331","0.177725475093331","0.177725475093331"
"477","0.007537774741649628","0.007537774741649628","0.007537774741649628","477","477","477","0.0045305341482162476","0.0045305341482162476","0.0045305341482162476","0.17890407407045414","0.17890407407045414","0.17890407407045414"
"478","0.002388326684013009","0.002388326684013009","0.002388326684013009","478","478","478","0.004211722873151302","0.004211722873151302","0.004211722873151302","0.17879305055917502","0.17879305055917502","0.17879305055917502"
"479","0.003794992109760642","0.003794992109760642","0.003794992109760642","479","479","479","0.0029535265639424324","0.0029535265639424324","0.0029535265639424324","0.17856155514373065","0.17856155514373065","0.17856155514373065"
"480","0.0020988292526453733","0.0020988292526453733","0.0020988292526453733","480","480","480","0.002780741546303034","0.002780741546303034","0.002780741546303034","0.17875019881902737","0.17875019881902737","0.17875019881902737"
"481","0.005184203386306763","0.005184203386306763","0.005184203386306763","481","481","481","0.00691586546599865","0.00691586546599865","0.00691586546599865","0.17867380835866958","0.17867380835866958","0.17867380835866958"
"482","0.005792942829430103","0.005792942829430103","0.005792942829430103","482","482","482","0.00478689931333065","0.00478689931333065","0.00478689931333065","0.1787213125233305","0.1787213125233305","0.1787213125233305"
"483","0.0006524338386952877","0.0006524338386952877","0.0006524338386952877","483","483","483","0.0036248574033379555","0.0036248574033379555","0.0036248574033379555","0.178403952970895","0.178403952970895","0.178403952970895"
"484","0.0027086720801889896","0.0027086720801889896","0.0027086720801889896","484","484","484","0.002535696141421795","0.002535696141421795","0.002535696141421795","0.17857101825654348","0.17857101825654348","0.17857101825654348"
"485","0.0007413129205815494","0.0007413129205815494","0.0007413129205815494","485","485","485","0.0033048021141439676","0.0033048021141439676","0.0033048021141439676","0.17835490163196807","0.17835490163196807","0.17835490163196807"
"486","0.001435640617273748","0.001435640617273748","0.001435640617273748","486","486","486","0.004017779603600502","0.004017779603600502","0.004017779603600502","0.17831178139445955","0.17831178139445955","0.17831178139445955"
"487","0.0020631824154406786","0.0020631824154406786","0.0020631824154406786","487","487","487","0.006031654309481382","0.006031654309481382","0.006031654309481382","0.17820369269006942","0.17820369269006942","0.17820369269006942"
"488","0.03116542473435402","0.03116542473435402","0.03116542473435402","488","488","488","0.004025327041745186","0.004025327041745186","0.004025327041745186","0.17806126430732053","0.17806126430732053","0.17806126430732053"
"489","0.0017840017098933458","0.0017840017098933458","0.0017840017098933458","489","489","489","0.003009452950209379","0.003009452950209379","0.003009452950209379","0.17787173530768424","0.17787173530768424","0.17787173530768424"
"490","0.00009750670869834721","0.00009750670869834721","0.00009750670869834721","490","490","490","0.002885474357753992","0.002885474357753992","0.002885474357753992","0.17784559678181106","0.17784559678181106","0.17784559678181106"
"491","0.0002950852212961763","0.0002950852212961763","0.0002950852212961763","491","491","491","0.004599553067237139","0.004599553067237139","0.004599553067237139","0.17835427200799134","0.17835427200799134","0.17835427200799134"
"492","0.00044545967830345035","0.00044545967830345035","0.00044545967830345035","492","492","492","0.003325097728520632","0.003325097728520632","0.003325097728520632","0.1781162965318587","0.1781162965318587","0.1781162965318587"
"493","0.001992537174373865","0.001992537174373865","0.001992537174373865","493","493","493","0.0036127460189163685","0.0036127460189163685","0.0036127460189163685","0.17864705216415247","0.17864705216415247","0.17864705216415247"
"494","0.00303187919780612","0.00303187919780612","0.00303187919780612","494","494","494","0.0029217510018497705","0.0029217510018497705","0.0029217510018497705","0.17773007380178457","0.17773007380178457","0.17773007380178457"
"495","0.007146787829697132","0.007146787829697132","0.007146787829697132","495","495","495","0.004828650504350662","0.004828650504350662","0.004828650504350662","0.17775755933918086","0.17775755933918086","0.17775755933918086"
"496","0.002945873886346817","0.002945873886346817","0.002945873886346817","496","496","496","0.0021347003057599068","0.0021347003057599068","0.0021347003057599068","0.17793524333482624","0.17793524333482624","0.17793524333482624"
"497","0.009966138750314713","0.009966138750314713","0.009966138750314713","497","497","497","0.0026725437492132187","0.0026725437492132187","0.0026725437492132187","0.17790970138067363","0.17790970138067363","0.17790970138067363"
"498","0.002876041457056999","0.002876041457056999","0.002876041457056999","498","498","498","0.004101003520190716","0.004101003520190716","0.004101003520190716","0.17827435395344585","0.17827435395344585","0.17827435395344585"
"499","0.00574599951505661","0.00574599951505661","0.00574599951505661","499","499","499","0.008121462538838387","0.008121462538838387","0.008121462538838387","0.1781592335566568","0.1781592335566568","0.1781592335566568"
"500","0.002880615182220936","0.002880615182220936","0.002880615182220936","500","500","500","0.0043836552649736404","0.0043836552649736404","0.0043836552649736404","0.17823149349561207","0.17823149349561207","0.17823149349561207"
"501","0.00617208331823349","0.00617208331823349","0.00617208331823349","501","501","501","0.004143116530030966","0.004143116530030966","0.004143116530030966","0.17805943681244701","0.17805943681244701","0.17805943681244701"
"502","0.0037761731073260307","0.0037761731073260307","0.0037761731073260307","502","502","502","0.004223068244755268","0.004223068244755268","0.004223068244755268","0.17791410236229874","0.17791410236229874","0.17791410236229874"
"503","0.0009612863068468869","0.0009612863068468869","0.0009612863068468869","503","503","503","0.0029611648060381413","0.0029611648060381413","0.0029611648060381413","0.17849727096606274","0.17849727096606274","0.17849727096606274"
"504","0.008144242689013481","0.008144242689013481","0.008144242689013481","504","504","504","0.006484595127403736","0.006484595127403736","0.006484595127403736","0.17788791652808014","0.17788791652808014","0.17788791652808014"
"505","0.005509929731488228","0.005509929731488228","0.005509929731488228","505","505","505","0.0034360201098024845","0.0034360201098024845","0.0034360201098024845","0.17795991812494952","0.17795991812494952","0.17795991812494952"
"506","0.001011724234558642","0.001011724234558642","0.001011724234558642","506","506","506","0.002174931578338146","0.002174931578338146","0.002174931578338146","0.1781524702940398","0.1781524702940398","0.1781524702940398"
"507","0.0008204862824641168","0.0008204862824641168","0.0008204862824641168","507","507","507","0.0038007982075214386","0.0038007982075214386","0.0038007982075214386","0.1783718560324873","0.1783718560324873","0.1783718560324873"
"508","0.0017924150452017784","0.0017924150452017784","0.0017924150452017784","508","508","508","0.002645765896886587","0.002645765896886587","0.002645765896886587","0.17830916353597565","0.17830916353597565","0.17830916353597565"
"509","0.0007997913635335863","0.0007997913635335863","0.0007997913635335863","509","509","509","0.00788450613617897","0.00788450613617897","0.00788450613617897","0.17824864192147571","0.17824864192147571","0.17824864192147571"
"510","0.00546340923756361","0.00546340923756361","0.00546340923756361","510","510","510","0.0027220449410378933","0.0027220449410378933","0.0027220449410378933","0.17855125627267535","0.17855125627267535","0.17855125627267535"
"511","0.005246915388852358","0.005246915388852358","0.005246915388852358","511","511","511","0.00579686276614666","0.00579686276614666","0.00579686276614666","0.17795327818472345","0.17795327818472345","0.17795327818472345"
"512","0.0016133475583046675","0.0016133475583046675","0.0016133475583046675","512","512","512","0.003252076217904687","0.003252076217904687","0.003252076217904687","0.1781836524805416","0.1781836524805416","0.1781836524805416"
"513","0.0019244373543187976","0.0019244373543187976","0.0019244373543187976","513","513","513","0.004237089306116104","0.004237089306116104","0.004237089306116104","0.17845311425157834","0.17845311425157834","0.17845311425157834"
"514","0.0008538992260582745","0.0008538992260582745","0.0008538992260582745","514","514","514","0.002281554276123643","0.002281554276123643","0.002281554276123643","0.17830018421788235","0.17830018421788235","0.17830018421788235"
"515","0.005489889532327652","0.005489889532327652","0.005489889532327652","515","515","515","0.0032565391156822443","0.0032565391156822443","0.0032565391156822443","0.17825726263794892","0.17825726263794892","0.17825726263794892"
"516","0.00039778838981874287","0.00039778838981874287","0.00039778838981874287","516","516","516","0.0030475652310997248","0.0030475652310997248","0.0030475652310997248","0.17861946667132733","0.17861946667132733","0.17861946667132733"
"517","0.0010164998238906264","0.0010164998238906264","0.0010164998238906264","517","517","517","0.00413037883117795","0.00413037883117795","0.00413037883117795","0.17828085108703742","0.17828085108703742","0.17828085108703742"
"518","0.0004356570425443351","0.0004356570425443351","0.0004356570425443351","518","518","518","0.0046659656800329685","0.0046659656800329685","0.0046659656800329685","0.17751120277543186","0.17751120277543186","0.17751120277543186"
"519","0.001318337512202561","0.001318337512202561","0.001318337512202561","519","519","519","0.0032034851610660553","0.0032034851610660553","0.0032034851610660553","0.17858512854114117","0.17858512854114117","0.17858512854114117"
"520","0.0003350712941028178","0.0003350712941028178","0.0003350712941028178","520","520","520","0.003110576421022415","0.003110576421022415","0.003110576421022415","0.17827716196377089","0.17827716196377089","0.17827716196377089"
"521","0.0018130941316485405","0.0018130941316485405","0.0018130941316485405","521","521","521","0.0029794410802423954","0.0029794410802423954","0.0029794410802423954","0.17801276807734903","0.17801276807734903","0.17801276807734903"
"522","0.001836720621213317","0.001836720621213317","0.001836720621213317","522","522","522","0.003383761504665017","0.003383761504665017","0.003383761504665017","0.17761682252850983","0.17761682252850983","0.17761682252850983"
"523","0.00006805943121435121","0.00006805943121435121","0.00006805943121435121","523","523","523","0.0029359871987253428","0.0029359871987253428","0.0029359871987253428","0.17847279863636706","0.17847279863636706","0.17847279863636706"
"524","0.0014336161548271775","0.0014336161548271775","0.0014336161548271775","524","524","524","0.004330368712544441","0.004330368712544441","0.004330368712544441","0.1781726561700209","0.1781726561700209","0.1781726561700209"
"525","0.0007095562177710235","0.0007095562177710235","0.0007095562177710235","525","525","525","0.003653738647699356","0.003653738647699356","0.003653738647699356","0.17846209237168092","0.17846209237168092","0.17846209237168092"
"526","0.0001882516371551901","0.0001882516371551901","0.0001882516371551901","526","526","526","0.0029479553923010826","0.0029479553923010826","0.0029479553923010826","0.17822048332218876","0.17822048332218876","0.17822048332218876"
"527","0.001966899959370494","0.001966899959370494","0.001966899959370494","527","527","527","0.009993785060942173","0.009993785060942173","0.009993785060942173","0.17840932339423712","0.17840932339423712","0.17840932339423712"
"528","0.01856168545782566","0.01856168545782566","0.01856168545782566","528","528","528","0.006219716742634773","0.006219716742634773","0.006219716742634773","0.17782934141807816","0.17782934141807816","0.17782934141807816"
"529","0.0003826522151939571","0.0003826522151939571","0.0003826522151939571","529","529","529","0.003735871519893408","0.003735871519893408","0.003735871519893408","0.17824336544210653","0.17824336544210653","0.17824336544210653"
"530","0.005842705722898245","0.005842705722898245","0.005842705722898245","530","530","530","0.004477767273783684","0.004477767273783684","0.004477767273783684","0.17775631656513535","0.17775631656513535","0.17775631656513535"
"531","0.0013111080043017864","0.0013111080043017864","0.0013111080043017864","531","531","531","0.003037787973880768","0.003037787973880768","0.003037787973880768","0.17812279748673343","0.17812279748673343","0.17812279748673343"
"532","0.004713399801403284","0.004713399801403284","0.004713399801403284","532","532","532","0.0035872245207428932","0.0035872245207428932","0.0035872245207428932","0.1782583002606954","0.1782583002606954","0.1782583002606954"
"533","0.009964530356228352","0.009964530356228352","0.009964530356228352","533","533","533","0.00396265322342515","0.00396265322342515","0.00396265322342515","0.17811187246587443","0.17811187246587443","0.17811187246587443"
"534","0.00018909317441284657","0.00018909317441284657","0.00018909317441284657","534","534","534","0.0030729554127901793","0.0030729554127901793","0.0030729554127901793","0.17770763525788844","0.17770763525788844","0.17770763525788844"
"535","0.0013428174424916506","0.0013428174424916506","0.0013428174424916506","535","535","535","0.003943543415516615","0.003943543415516615","0.003943543415516615","0.17828878929285236","0.17828878929285236","0.17828878929285236"
"536","0.000546933792065829","0.000546933792065829","0.000546933792065829","536","536","536","0.002500214148312807","0.002500214148312807","0.002500214148312807","0.17784288525888536","0.17784288525888536","0.17784288525888536"
"537","0.0011962418211624026","0.0011962418211624026","0.0011962418211624026","537","537","537","0.005347094498574734","0.005347094498574734","0.005347094498574734","0.17797978262610348","0.17797978262610348","0.17797978262610348"
"538","0.001548847067169845","0.001548847067169845","0.001548847067169845","538","538","538","0.004399425815790892","0.004399425815790892","0.004399425815790892","0.17842617179408218","0.17842617179408218","0.17842617179408218"
"539","0.0014275169232860208","0.0014275169232860208","0.0014275169232860208","539","539","539","0.004621140658855438","0.004621140658855438","0.004621140658855438","0.17860153149118427","0.17860153149118427","0.17860153149118427"
"540","0.0010286137694492936","0.0010286137694492936","0.0010286137694492936","540","540","540","0.0033311392180621624","0.0033311392180621624","0.0033311392180621624","0.1783251682646961","0.1783251682646961","0.1783251682646961"
"541","0.003509577363729477","0.003509577363729477","0.003509577363729477","541","541","541","0.00333766033872962","0.00333766033872962","0.00333766033872962","0.17806988694057885","0.17806988694057885","0.17806988694057885"
"542","0.0021562434267252684","0.0021562434267252684","0.0021562434267252684","542","542","542","0.0038984997663646936","0.0038984997663646936","0.0038984997663646936","0.17832321504223497","0.17832321504223497","0.17832321504223497"
"543","0.006534490268677473","0.006534490268677473","0.006534490268677473","543","543","543","0.004339228849858046","0.004339228849858046","0.004339228849858046","0.17799717221670952","0.17799717221670952","0.17799717221670952"
"544","0.0014352418947964907","0.0014352418947964907","0.0014352418947964907","544","544","544","0.002980472519993782","0.002980472519993782","0.002980472519993782","0.1782297221957175","0.1782297221957175","0.1782297221957175"
"545","0.00548452977091074","0.00548452977091074","0.00548452977091074","545","545","545","0.004467133432626724","0.004467133432626724","0.004467133432626724","0.1782479709207434","0.1782479709207434","0.1782479709207434"
"546","0.004595468286424875","0.004595468286424875","0.004595468286424875","546","546","546","0.0028235474601387978","0.0028235474601387978","0.0028235474601387978","0.17794331309845018","0.17794331309845018","0.17794331309845018"
"547","0.006105147302150726","0.006105147302150726","0.006105147302150726","547","547","547","0.0040090931579470634","0.0040090931579470634","0.0040090931579470634","0.17863046829908366","0.17863046829908366","0.17863046829908366"
"548","0.003114646067842841","0.003114646067842841","0.003114646067842841","548","548","548","0.004816193599253893","0.004816193599253893","0.004816193599253893","0.17760124841908084","0.17760124841908084","0.17760124841908084"
"549","0.008068292401731014","0.008068292401731014","0.008068292401731014","549","549","549","0.006767194718122482","0.006767194718122482","0.006767194718122482","0.1782166240135927","0.1782166240135927","0.1782166240135927"
"550","0.009011470712721348","0.009011470712721348","0.009011470712721348","550","550","550","0.0027646590024232864","0.0027646590024232864","0.0027646590024232864","0.17811276961960415","0.17811276961960415","0.17811276961960415"
"551","0.010681970976293087","0.010681970976293087","0.010681970976293087","551","551","551","0.003229747526347637","0.003229747526347637","0.003229747526347637","0.17810758338272387","0.17810758338272387","0.17810758338272387"
"552","0.008999800309538841","0.008999800309538841","0.008999800309538841","552","552","552","0.002621972933411598","0.002621972933411598","0.002621972933411598","0.17833371197186998","0.17833371197186998","0.17833371197186998"
"553","0.0015859883278608322","0.0015859883278608322","0.0015859883278608322","553","553","553","0.004183033015578985","0.004183033015578985","0.004183033015578985","0.17844618271734514","0.17844618271734514","0.17844618271734514"
"554","0.0019342098385095596","0.0019342098385095596","0.0019342098385095596","554","554","554","0.003892352106049657","0.003892352106049657","0.003892352106049657","0.17798112962841128","0.17798112962841128","0.17798112962841128"
"555","0.0018195597222074866","0.0018195597222074866","0.0018195597222074866","555","555","555","0.0039027989841997623","0.0039027989841997623","0.0039027989841997623","0.1786845780431401","0.1786845780431401","0.1786845780431401"
"556","0.009102444164454937","0.009102444164454937","0.009102444164454937","556","556","556","0.005141904577612877","0.005141904577612877","0.005141904577612877","0.1780188374207502","0.1780188374207502","0.1780188374207502"
"557","0.004273329861462116","0.004273329861462116","0.004273329861462116","557","557","557","0.004025896079838276","0.004025896079838276","0.004025896079838276","0.1780684536030749","0.1780684536030749","0.1780684536030749"
"558","0.004407520405948162","0.004407520405948162","0.004407520405948162","558","558","558","0.0031000557355582714","0.0031000557355582714","0.0031000557355582714","0.17813813600975614","0.17813813600975614","0.17813813600975614"
"559","0.008460801094770432","0.008460801094770432","0.008460801094770432","559","559","559","0.004422807600349188","0.004422807600349188","0.004422807600349188","0.17832408580330814","0.17832408580330814","0.17832408580330814"
"560","0.003967183642089367","0.003967183642089367","0.003967183642089367","560","560","560","0.005181731656193733","0.005181731656193733","0.005181731656193733","0.17856705354626856","0.17856705354626856","0.17856705354626856"
"561","0.0027082962915301323","0.0027082962915301323","0.0027082962915301323","561","561","561","0.0038107954896986485","0.0038107954896986485","0.0038107954896986485","0.17844485804374083","0.17844485804374083","0.17844485804374083"
"562","0.003323187353089452","0.003323187353089452","0.003323187353089452","562","562","562","0.004587364848703146","0.004587364848703146","0.004587364848703146","0.17861754112245126","0.17861754112245126","0.17861754112245126"
"563","0.010160491801798344","0.010160491801798344","0.010160491801798344","563","563","563","0.004952734336256981","0.004952734336256981","0.004952734336256981","0.17791523025518002","0.17791523025518002","0.17791523025518002"
"564","0.00021141961042303592","0.00021141961042303592","0.00021141961042303592","564","564","564","0.0038895760662853718","0.0038895760662853718","0.0038895760662853718","0.1782090638690672","0.1782090638690672","0.1782090638690672"
"565","0.001864448538981378","0.001864448538981378","0.001864448538981378","565","565","565","0.0033625741489231586","0.0033625741489231586","0.0033625741489231586","0.17802908813872306","0.17802908813872306","0.17802908813872306"
"566","0.005117814522236586","0.005117814522236586","0.005117814522236586","566","566","566","0.0034589781425893307","0.0034589781425893307","0.0034589781425893307","0.17773401213783355","0.17773401213783355","0.17773401213783355"
"567","0.0025081585627049208","0.0025081585627049208","0.0025081585627049208","567","567","567","0.0037186783738434315","0.0037186783738434315","0.0037186783738434315","0.17863942260988913","0.17863942260988913","0.17863942260988913"
"568","0.001673890626989305","0.001673890626989305","0.001673890626989305","568","568","568","0.0035957470536231995","0.0035957470536231995","0.0035957470536231995","0.17850589785986748","0.17850589785986748","0.17850589785986748"
"569","0.006784066557884216","0.006784066557884216","0.006784066557884216","569","569","569","0.0031597616616636515","0.0031597616616636515","0.0031597616616636515","0.17819302302246315","0.17819302302246315","0.17819302302246315"
"570","0.002130466280505061","0.002130466280505061","0.002130466280505061","570","570","570","0.005914757959544659","0.005914757959544659","0.005914757959544659","0.17857265707095415","0.17857265707095415","0.17857265707095415"
"571","0.0013704897137358785","0.0013704897137358785","0.0013704897137358785","571","571","571","0.002772699575871229","0.002772699575871229","0.002772699575871229","0.1780668440442114","0.1780668440442114","0.1780668440442114"
"572","0.0043779280968010426","0.0043779280968010426","0.0043779280968010426","572","572","572","0.0032463911920785904","0.0032463911920785904","0.0032463911920785904","0.17803565661726822","0.17803565661726822","0.17803565661726822"
"573","0.003782189218327403","0.003782189218327403","0.003782189218327403","573","573","573","0.007647877559065819","0.007647877559065819","0.007647877559065819","0.1778559550486307","0.1778559550486307","0.1778559550486307"
"574","0.002685988089069724","0.002685988089069724","0.002685988089069724","574","574","574","0.003506120527163148","0.003506120527163148","0.003506120527163148","0.17834219503921225","0.17834219503921225","0.17834219503921225"
"575","0.0056869760155677795","0.0056869760155677795","0.0056869760155677795","575","575","575","0.0038171582855284214","0.0038171582855284214","0.0038171582855284214","0.17845541456880532","0.17845541456880532","0.17845541456880532"
"576","0.008494554087519646","0.008494554087519646","0.008494554087519646","576","576","576","0.003606185084208846","0.003606185084208846","0.003606185084208846","0.17816608638597306","0.17816608638597306","0.17816608638597306"
"577","0.0027272093575447798","0.0027272093575447798","0.0027272093575447798","577","577","577","0.006522901356220245","0.006522901356220245","0.006522901356220245","0.17825482339373422","0.17825482339373422","0.17825482339373422"
"578","0.0026083604898303747","0.0026083604898303747","0.0026083604898303747","578","578","578","0.004076873883605003","0.004076873883605003","0.004076873883605003","0.17870276936598106","0.17870276936598106","0.17870276936598106"
"579","0.001904851640574634","0.001904851640574634","0.001904851640574634","579","579","579","0.003950637765228748","0.003950637765228748","0.003950637765228748","0.17853688981159033","0.17853688981159033","0.17853688981159033"
"580","0.0011906487634405494","0.0011906487634405494","0.0011906487634405494","580","580","580","0.004850628785789013","0.004850628785789013","0.004850628785789013","0.1780229361493227","0.1780229361493227","0.1780229361493227"
"581","0.009844806976616383","0.009844806976616383","0.009844806976616383","581","581","581","0.008114907890558243","0.008114907890558243","0.008114907890558243","0.17846541677128774","0.17846541677128774","0.17846541677128774"
"582","0.00012905163748655468","0.00012905163748655468","0.00012905163748655468","582","582","582","0.0018608813406899571","0.0018608813406899571","0.0018608813406899571","0.17787817724769422","0.17787817724769422","0.17787817724769422"
"583","0.0013863896019756794","0.0013863896019756794","0.0013863896019756794","583","583","583","0.0019565331749618053","0.0019565331749618053","0.0019565331749618053","0.1778799313763888","0.1778799313763888","0.1778799313763888"
"584","0.008929435163736343","0.008929435163736343","0.008929435163736343","584","584","584","0.003646869445219636","0.003646869445219636","0.003646869445219636","0.1785564769656111","0.1785564769656111","0.1785564769656111"
"585","0.002896522870287299","0.002896522870287299","0.002896522870287299","585","585","585","0.0028704642318189144","0.0028704642318189144","0.0028704642318189144","0.1779780786041377","0.1779780786041377","0.1779780786041377"
"586","0.0011810294818133116","0.0011810294818133116","0.0011810294818133116","586","586","586","0.0026375274173915386","0.0026375274173915386","0.0026375274173915386","0.17830823185246794","0.17830823185246794","0.17830823185246794"
"587","0.003530089044943452","0.003530089044943452","0.003530089044943452","587","587","587","0.003721462097018957","0.003721462097018957","0.003721462097018957","0.17839698424980188","0.17839698424980188","0.17839698424980188"
"588","0.0026851242873817682","0.0026851242873817682","0.0026851242873817682","588","588","588","0.004222855903208256","0.004222855903208256","0.004222855903208256","0.17803639511095326","0.17803639511095326","0.17803639511095326"
"589","0.0047601438127458096","0.0047601438127458096","0.0047601438127458096","589","589","589","0.004918770398944616","0.004918770398944616","0.004918770398944616","0.17809403142936941","0.17809403142936941","0.17809403142936941"
"590","0.0034870682284235954","0.0034870682284235954","0.0034870682284235954","590","590","590","0.00695568323135376","0.00695568323135376","0.00695568323135376","0.17816472677097347","0.17816472677097347","0.17816472677097347"
"591","0.0018059585709124804","0.0018059585709124804","0.0018059585709124804","591","591","591","0.002876385347917676","0.002876385347917676","0.002876385347917676","0.17793815248014017","0.17793815248014017","0.17793815248014017"
"592","0.008517482317984104","0.008517482317984104","0.008517482317984104","592","592","592","0.002839976456016302","0.002839976456016302","0.002839976456016302","0.17849900555215012","0.17849900555215012","0.17849900555215012"
"593","0.0029618714470416307","0.0029618714470416307","0.0029618714470416307","593","593","593","0.0050145662389695644","0.0050145662389695644","0.0050145662389695644","0.17827162304457328","0.17827162304457328","0.17827162304457328"
"594","0.0011757205938920379","0.0011757205938920379","0.0011757205938920379","594","594","594","0.00328201986849308","0.00328201986849308","0.00328201986849308","0.17780200172222613","0.17780200172222613","0.17780200172222613"
"595","0.0027533848769962788","0.0027533848769962788","0.0027533848769962788","595","595","595","0.004014249891042709","0.004014249891042709","0.004014249891042709","0.17781078065948078","0.17781078065948078","0.17781078065948078"
"596","0.0029812767170369625","0.0029812767170369625","0.0029812767170369625","596","596","596","0.00539737194776535","0.00539737194776535","0.00539737194776535","0.17842306024363253","0.17842306024363253","0.17842306024363253"
"597","0.0024609046522527933","0.0024609046522527933","0.0024609046522527933","597","597","597","0.004756856709718704","0.004756856709718704","0.004756856709718704","0.17785036786269512","0.17785036786269512","0.17785036786269512"
"598","0.0011797707993537188","0.0011797707993537188","0.0011797707993537188","598","598","598","0.0027742055244743824","0.0027742055244743824","0.0027742055244743824","0.1778026109926481","0.1778026109926481","0.1778026109926481"
"599","0.0010327271884307265","0.0010327271884307265","0.0010327271884307265","599","599","599","0.004925786983221769","0.004925786983221769","0.004925786983221769","0.17800684304882192","0.17800684304882192","0.17800684304882192"
"600","0.010952792130410671","0.010952792130410671","0.010952792130410671","600","600","600","0.005349690094590187","0.005349690094590187","0.005349690094590187","0.17821263578891067","0.17821263578891067","0.17821263578891067"
"601","0.0009806070011109114","0.0009806070011109114","0.0009806070011109114","601","601","601","0.002237127162516117","0.002237127162516117","0.002237127162516117","0.17841731061630214","0.17841731061630214","0.17841731061630214"
"602","0.0005771556752733886","0.0005771556752733886","0.0005771556752733886","602","602","602","0.005863890051841736","0.005863890051841736","0.005863890051841736","0.17835359828566993","0.17835359828566993","0.17835359828566993"
"603","0.005699492525309324","0.005699492525309324","0.005699492525309324","603","603","603","0.00459339190274477","0.00459339190274477","0.00459339190274477","0.1782910193955375","0.1782910193955375","0.1782910193955375"
"604","0.0004049256967846304","0.0004049256967846304","0.0004049256967846304","604","604","604","0.003696531057357788","0.003696531057357788","0.003696531057357788","0.17777183626121257","0.17777183626121257","0.17777183626121257"
"605","0.0030470381025224924","0.0030470381025224924","0.0030470381025224924","605","605","605","0.0043014949187636375","0.0043014949187636375","0.0043014949187636375","0.17775712842192756","0.17775712842192756","0.17775712842192756"
"606","0.00027963772299699485","0.00027963772299699485","0.00027963772299699485","606","606","606","0.00363344419747591","0.00363344419747591","0.00363344419747591","0.177980821683367","0.177980821683367","0.177980821683367"
"607","0.008072280324995518","0.008072280324995518","0.008072280324995518","607","607","607","0.00364764709956944","0.00364764709956944","0.00364764709956944","0.17866773982007242","0.17866773982007242","0.17866773982007242"
"608","0.006511791609227657","0.006511791609227657","0.006511791609227657","608","608","608","0.008529765531420708","0.008529765531420708","0.008529765531420708","0.17776058914366025","0.17776058914366025","0.17776058914366025"
"609","0.00044873615843243897","0.00044873615843243897","0.00044873615843243897","609","609","609","0.0030296347104012966","0.0030296347104012966","0.0030296347104012966","0.178585182269488","0.178585182269488","0.178585182269488"
"610","0.0015555501449853182","0.0015555501449853182","0.0015555501449853182","610","610","610","0.0024963999167084694","0.0024963999167084694","0.0024963999167084694","0.17773399811827062","0.17773399811827062","0.17773399811827062"
"611","0.002426645951345563","0.002426645951345563","0.002426645951345563","611","611","611","0.008735143579542637","0.008735143579542637","0.008735143579542637","0.17827321748725164","0.17827321748725164","0.17827321748725164"
"612","0.0037338153924793005","0.0037338153924793005","0.0037338153924793005","612","612","612","0.00518173910677433","0.00518173910677433","0.00518173910677433","0.17776126077410562","0.17776126077410562","0.17776126077410562"
"613","0.003980540204793215","0.003980540204793215","0.003980540204793215","613","613","613","0.0034193815663456917","0.0034193815663456917","0.0034193815663456917","0.1784604238348139","0.1784604238348139","0.1784604238348139"
"614","0.0021955135744065046","0.0021955135744065046","0.0021955135744065046","614","614","614","0.0031271358020603657","0.0031271358020603657","0.0031271358020603657","0.1783961769085131","0.1783961769085131","0.1783961769085131"
"615","0.003598286071792245","0.003598286071792245","0.003598286071792245","615","615","615","0.004495427943766117","0.004495427943766117","0.004495427943766117","0.17809922900108474","0.17809922900108474","0.17809922900108474"
"616","0.0014395795296877623","0.0014395795296877623","0.0014395795296877623","616","616","616","0.003675222396850586","0.003675222396850586","0.003675222396850586","0.178252205741059","0.178252205741059","0.178252205741059"
"617","0.00039927978650666773","0.00039927978650666773","0.00039927978650666773","617","617","617","0.0034717153757810593","0.0034717153757810593","0.0034717153757810593","0.17762209425277745","0.17762209425277745","0.17762209425277745"
"618","0.00009335083450423554","0.00009335083450423554","0.00009335083450423554","618","618","618","0.0026201708242297173","0.0026201708242297173","0.0026201708242297173","0.17800526339057746","0.17800526339057746","0.17800526339057746"
"619","0.0008295222651213408","0.0008295222651213408","0.0008295222651213408","619","619","619","0.002818954410031438","0.002818954410031438","0.002818954410031438","0.17883825501789138","0.17883825501789138","0.17883825501789138"
"620","0.001414342550560832","0.001414342550560832","0.001414342550560832","620","620","620","0.00370232667773962","0.00370232667773962","0.00370232667773962","0.17802570324672962","0.17802570324672962","0.17802570324672962"
"621","0.00034751417115330696","0.00034751417115330696","0.00034751417115330696","621","621","621","0.0020953393541276455","0.0020953393541276455","0.0020953393541276455","0.17806324411288804","0.17806324411288804","0.17806324411288804"
"622","0.0004593305056914687","0.0004593305056914687","0.0004593305056914687","622","622","622","0.0038237026892602444","0.0038237026892602444","0.0038237026892602444","0.17804852184856634","0.17804852184856634","0.17804852184856634"
"623","0.005350871477276087","0.005350871477276087","0.005350871477276087","623","623","623","0.007691181264817715","0.007691181264817715","0.007691181264817715","0.17796657280046113","0.17796657280046113","0.17796657280046113"
"624","0.0022558399941772223","0.0022558399941772223","0.0022558399941772223","624","624","624","0.005754054524004459","0.005754054524004459","0.005754054524004459","0.17811104403380584","0.17811104403380584","0.17811104403380584"
"625","0.00018726265989243984","0.00018726265989243984","0.00018726265989243984","625","625","625","0.003052080050110817","0.003052080050110817","0.003052080050110817","0.17778890629547991","0.17778890629547991","0.17778890629547991"
"626","0.0009674385073594749","0.0009674385073594749","0.0009674385073594749","626","626","626","0.0027411747723817825","0.0027411747723817825","0.0027411747723817825","0.17802540206265335","0.17802540206265335","0.17802540206265335"
"627","0.0031748972833156586","0.0031748972833156586","0.0031748972833156586","627","627","627","0.0026518600061535835","0.0026518600061535835","0.0026518600061535835","0.17742542316436374","0.17742542316436374","0.17742542316436374"
"628","0.0005572061636485159","0.0005572061636485159","0.0005572061636485159","628","628","628","0.002924554515630007","0.002924554515630007","0.002924554515630007","0.178230205910571","0.178230205910571","0.178230205910571"
"629","0.000592452532146126","0.000592452532146126","0.000592452532146126","629","629","629","0.0025426996871829033","0.0025426996871829033","0.0025426996871829033","0.17782080646545168","0.17782080646545168","0.17782080646545168"
"630","0.002550257835537195","0.002550257835537195","0.002550257835537195","630","630","630","0.0037580113857984543","0.0037580113857984543","0.0037580113857984543","0.17828946812352897","0.17828946812352897","0.17828946812352897"
"631","0.006621404085308313","0.006621404085308313","0.006621404085308313","631","631","631","0.003438766347244382","0.003438766347244382","0.003438766347244382","0.17806548210080936","0.17806548210080936","0.17806548210080936"
"632","0.00380769744515419","0.00380769744515419","0.00380769744515419","632","632","632","0.00311870826408267","0.00311870826408267","0.00311870826408267","0.17753850627967782","0.17753850627967782","0.17753850627967782"
"633","0.0016719070263206959","0.0016719070263206959","0.0016719070263206959","633","633","633","0.005204003304243088","0.005204003304243088","0.005204003304243088","0.1787381004400043","0.1787381004400043","0.1787381004400043"
"634","0.0018223247025161982","0.0018223247025161982","0.0018223247025161982","634","634","634","0.004933064803481102","0.004933064803481102","0.004933064803481102","0.17785155614966636","0.17785155614966636","0.17785155614966636"
"635","0.003426383947953582","0.003426383947953582","0.003426383947953582","635","635","635","0.00505001749843359","0.00505001749843359","0.00505001749843359","0.17824043830542977","0.17824043830542977","0.17824043830542977"
"636","0.0006572442362084985","0.0006572442362084985","0.0006572442362084985","636","636","636","0.004113079514354467","0.004113079514354467","0.004113079514354467","0.17806792824114998","0.17806792824114998","0.17806792824114998"
"637","0.002120599150657654","0.002120599150657654","0.002120599150657654","637","637","637","0.004224459640681744","0.004224459640681744","0.004224459640681744","0.17789407944684174","0.17789407944684174","0.17789407944684174"
"638","0.0006429827772080898","0.0006429827772080898","0.0006429827772080898","638","638","638","0.002771468833088875","0.002771468833088875","0.002771468833088875","0.1782830494030361","0.1782830494030361","0.1782830494030361"
"639","0.002224752912297845","0.002224752912297845","0.002224752912297845","639","639","639","0.005180075764656067","0.005180075764656067","0.005180075764656067","0.17835279927502415","0.17835279927502415","0.17835279927502415"
"640","0.003576804418116808","0.003576804418116808","0.003576804418116808","640","640","640","0.002866770140826702","0.002866770140826702","0.002866770140826702","0.17807066656220602","0.17807066656220602","0.17807066656220602"
"641","0.0008205667836591601","0.0008205667836591601","0.0008205667836591601","641","641","641","0.0032418647315353155","0.0032418647315353155","0.0032418647315353155","0.17784176789296335","0.17784176789296335","0.17784176789296335"
"642","0.007863086648285389","0.007863086648285389","0.007863086648285389","642","642","642","0.003548522014170885","0.003548522014170885","0.003548522014170885","0.1782880238382331","0.1782880238382331","0.1782880238382331"
"643","0.0015626957174390554","0.0015626957174390554","0.0015626957174390554","643","643","643","0.0026483647525310516","0.0026483647525310516","0.0026483647525310516","0.17825441696771124","0.17825441696771124","0.17825441696771124"
"644","0.0027839187532663345","0.0027839187532663345","0.0027839187532663345","644","644","644","0.0030021374113857746","0.0030021374113857746","0.0030021374113857746","0.17790832700274256","0.17790832700274256","0.17790832700274256"
"645","0.0004503533127717674","0.0004503533127717674","0.0004503533127717674","645","645","645","0.002694945316761732","0.002694945316761732","0.002694945316761732","0.1781472058805872","0.1781472058805872","0.1781472058805872"
"646","0.0005652459803968668","0.0005652459803968668","0.0005652459803968668","646","646","646","0.0038715112023055553","0.0038715112023055553","0.0038715112023055553","0.1785069278246888","0.1785069278246888","0.1785069278246888"
"647","0.0066762748174369335","0.0066762748174369335","0.0066762748174369335","647","647","647","0.005042220465838909","0.005042220465838909","0.005042220465838909","0.1783020071419606","0.1783020071419606","0.1783020071419606"
"648","0.0033480278216302395","0.0033480278216302395","0.0033480278216302395","648","648","648","0.004012509249150753","0.004012509249150753","0.004012509249150753","0.1779262162783396","0.1779262162783396","0.1779262162783396"
"649","0.0006340723484754562","0.0006340723484754562","0.0006340723484754562","649","649","649","0.002554771490395069","0.002554771490395069","0.002554771490395069","0.17760063140779592","0.17760063140779592","0.17760063140779592"
"650","0.005006321705877781","0.005006321705877781","0.005006321705877781","650","650","650","0.007353397086262703","0.007353397086262703","0.007353397086262703","0.1781828880426786","0.1781828880426786","0.1781828880426786"
"651","0.004057776182889938","0.004057776182889938","0.004057776182889938","651","651","651","0.002526235766708851","0.002526235766708851","0.002526235766708851","0.1776180837331814","0.1776180837331814","0.1776180837331814"
"652","0.0015811420744284987","0.0015811420744284987","0.0015811420744284987","652","652","652","0.0029642090667039156","0.0029642090667039156","0.0029642090667039156","0.17795811319223412","0.17795811319223412","0.17795811319223412"
"653","0.0005629881634376943","0.0005629881634376943","0.0005629881634376943","653","653","653","0.003035244531929493","0.003035244531929493","0.003035244531929493","0.17814275561546794","0.17814275561546794","0.17814275561546794"
"654","0.0045443251729011536","0.0045443251729011536","0.0045443251729011536","654","654","654","0.0036017377860844135","0.0036017377860844135","0.0036017377860844135","0.17808989602077918","0.17808989602077918","0.17808989602077918"
"655","0.0017344510415568948","0.0017344510415568948","0.0017344510415568948","655","655","655","0.005272566340863705","0.005272566340863705","0.005272566340863705","0.17783747631553473","0.17783747631553473","0.17783747631553473"
"656","0.003952004946768284","0.003952004946768284","0.003952004946768284","656","656","656","0.004689702298492193","0.004689702298492193","0.004689702298492193","0.17793093116117295","0.17793093116117295","0.17793093116117295"
"657","0.002119562355801463","0.002119562355801463","0.002119562355801463","657","657","657","0.004431652836501598","0.004431652836501598","0.004431652836501598","0.17801682626775947","0.17801682626775947","0.17801682626775947"
"658","0.004218409303575754","0.004218409303575754","0.004218409303575754","658","658","658","0.0035458020865917206","0.0035458020865917206","0.0035458020865917206","0.178096253450225","0.178096253450225","0.178096253450225"
"659","0.0004360757884569466","0.0004360757884569466","0.0004360757884569466","659","659","659","0.003054453292861581","0.003054453292861581","0.003054453292861581","0.1781136011818074","0.1781136011818074","0.1781136011818074"
"660","0.005038150120526552","0.005038150120526552","0.005038150120526552","660","660","660","0.0034214542247354984","0.0034214542247354984","0.0034214542247354984","0.1787023598313258","0.1787023598313258","0.1787023598313258"
"661","0.0051414258778095245","0.0051414258778095245","0.0051414258778095245","661","661","661","0.003252727910876274","0.003252727910876274","0.003252727910876274","0.17808700576992875","0.17808700576992875","0.17808700576992875"
"662","0.008112404495477676","0.008112404495477676","0.008112404495477676","662","662","662","0.004801059141755104","0.004801059141755104","0.004801059141755104","0.17812899420726327","0.17812899420726327","0.17812899420726327"
"663","0.0010723244631662965","0.0010723244631662965","0.0010723244631662965","663","663","663","0.002764166332781315","0.002764166332781315","0.002764166332781315","0.1779646709625855","0.1779646709625855","0.1779646709625855"
"664","0.0018745323177427053","0.0018745323177427053","0.0018745323177427053","664","664","664","0.002804559888318181","0.002804559888318181","0.002804559888318181","0.17838495020595097","0.17838495020595097","0.17838495020595097"
"665","0.018423762172460556","0.018423762172460556","0.018423762172460556","665","665","665","0.004926691297441721","0.004926691297441721","0.004926691297441721","0.17782224808445027","0.17782224808445027","0.17782224808445027"
"666","0.005868599750101566","0.005868599750101566","0.005868599750101566","666","666","666","0.0022506345994770527","0.0022506345994770527","0.0022506345994770527","0.17747591554479633","0.17747591554479633","0.17747591554479633"
"667","0.007242909632623196","0.007242909632623196","0.007242909632623196","667","667","667","0.002906432840973139","0.002906432840973139","0.002906432840973139","0.1785197416376119","0.1785197416376119","0.1785197416376119"
"668","0.0028879146557301283","0.0028879146557301283","0.0028879146557301283","668","668","668","0.0047215926460921764","0.0047215926460921764","0.0047215926460921764","0.17800595014949505","0.17800595014949505","0.17800595014949505"
"669","0.0014290407998487353","0.0014290407998487353","0.0014290407998487353","669","669","669","0.002226159442216158","0.002226159442216158","0.002226159442216158","0.1779307743626215","0.1779307743626215","0.1779307743626215"
"670","0.0032081527169793844","0.0032081527169793844","0.0032081527169793844","670","670","670","0.0029776585288345814","0.0029776585288345814","0.0029776585288345814","0.17800251806895528","0.17800251806895528","0.17800251806895528"
"671","0.0017867983551695943","0.0017867983551695943","0.0017867983551695943","671","671","671","0.0037058701273053885","0.0037058701273053885","0.0037058701273053885","0.17824189253404837","0.17824189253404837","0.17824189253404837"
"672","0.003763357410207391","0.003763357410207391","0.003763357410207391","672","672","672","0.003312308108434081","0.003312308108434081","0.003312308108434081","0.17802989624181106","0.17802989624181106","0.17802989624181106"
"673","0.0006041839369572699","0.0006041839369572699","0.0006041839369572699","673","673","673","0.004427426028996706","0.004427426028996706","0.004427426028996706","0.17829663769544166","0.17829663769544166","0.17829663769544166"
"674","0.0023182870354503393","0.0023182870354503393","0.0023182870354503393","674","674","674","0.0024735508486628532","0.0024735508486628532","0.0024735508486628532","0.17778396795666407","0.17778396795666407","0.17778396795666407"
"675","0.0011454527266323566","0.0011454527266323566","0.0011454527266323566","675","675","675","0.0033534967806190252","0.0033534967806190252","0.0033534967806190252","0.17871608906272907","0.17871608906272907","0.17871608906272907"
"676","0.0008936301455833018","0.0008936301455833018","0.0008936301455833018","676","676","676","0.004335449077188969","0.004335449077188969","0.004335449077188969","0.17790394734535186","0.17790394734535186","0.17790394734535186"
"677","0.007212833501398563","0.007212833501398563","0.007212833501398563","677","677","677","0.0050179846584796906","0.0050179846584796906","0.0050179846584796906","0.178105431189367","0.178105431189367","0.178105431189367"
"678","0.00390967121347785","0.00390967121347785","0.00390967121347785","678","678","678","0.004490015562623739","0.004490015562623739","0.004490015562623739","0.17841392474748552","0.17841392474748552","0.17841392474748552"
"679","0.001975088380277157","0.001975088380277157","0.001975088380277157","679","679","679","0.0032954993657767773","0.0032954993657767773","0.0032954993657767773","0.17840635151414375","0.17840635151414375","0.17840635151414375"
"680","0.005486031528562307","0.005486031528562307","0.005486031528562307","680","680","680","0.004573302809149027","0.004573302809149027","0.004573302809149027","0.1779689507044804","0.1779689507044804","0.1779689507044804"
"681","0.005735218990594149","0.005735218990594149","0.005735218990594149","681","681","681","0.004274266771972179","0.004274266771972179","0.004274266771972179","0.1785280803593624","0.1785280803593624","0.1785280803593624"
"682","0.003413944970816374","0.003413944970816374","0.003413944970816374","682","682","682","0.00427328422665596","0.00427328422665596","0.00427328422665596","0.1780772724794963","0.1780772724794963","0.1780772724794963"
"683","0.0036665324587374926","0.0036665324587374926","0.0036665324587374926","683","683","683","0.0037365497555583715","0.0037365497555583715","0.0037365497555583715","0.17758854735551285","0.17758854735551285","0.17758854735551285"
"684","0.0006854303646832705","0.0006854303646832705","0.0006854303646832705","684","684","684","0.002691685687750578","0.002691685687750578","0.002691685687750578","0.1778134169117295","0.1778134169117295","0.1778134169117295"
"685","0.0018771348986774683","0.0018771348986774683","0.0018771348986774683","685","685","685","0.004051580093801022","0.004051580093801022","0.004051580093801022","0.17850937547326898","0.17850937547326898","0.17850937547326898"
"686","0.015256563201546669","0.015256563201546669","0.015256563201546669","686","686","686","0.0045365928672254086","0.0045365928672254086","0.0045365928672254086","0.1778254828927837","0.1778254828927837","0.1778254828927837"
"687","0.0020280901808291674","0.0020280901808291674","0.0020280901808291674","687","687","687","0.0040982868522405624","0.0040982868522405624","0.0040982868522405624","0.17859513275256184","0.17859513275256184","0.17859513275256184"
"688","0.007909359410405159","0.007909359410405159","0.007909359410405159","688","688","688","0.001832050271332264","0.001832050271332264","0.001832050271332264","0.17802271512003934","0.17802271512003934","0.17802271512003934"
"689","0.0023504807613790035","0.0023504807613790035","0.0023504807613790035","689","689","689","0.0024100192822515965","0.0024100192822515965","0.0024100192822515965","0.17763186487751484","0.17763186487751484","0.17763186487751484"
"690","0.0010261042043566704","0.0010261042043566704","0.0010261042043566704","690","690","690","0.005338848568499088","0.005338848568499088","0.005338848568499088","0.17786538279614383","0.17786538279614383","0.17786538279614383"
"691","0.0045864214189350605","0.0045864214189350605","0.0045864214189350605","691","691","691","0.004004757385700941","0.004004757385700941","0.004004757385700941","0.17798544893164508","0.17798544893164508","0.17798544893164508"
"692","0.008030520752072334","0.008030520752072334","0.008030520752072334","692","692","692","0.0026578435208648443","0.0026578435208648443","0.0026578435208648443","0.17806941778591995","0.17806941778591995","0.17806941778591995"
"693","0.0074730003252625465","0.0074730003252625465","0.0074730003252625465","693","693","693","0.00397876463830471","0.00397876463830471","0.00397876463830471","0.1779222442019578","0.1779222442019578","0.1779222442019578"
"694","0.000744264165405184","0.000744264165405184","0.000744264165405184","694","694","694","0.004174249712377787","0.004174249712377787","0.004174249712377787","0.17820316738650813","0.17820316738650813","0.17820316738650813"
"695","0.004414219409227371","0.004414219409227371","0.004414219409227371","695","695","695","0.003689365927129984","0.003689365927129984","0.003689365927129984","0.17808884412658457","0.17808884412658457","0.17808884412658457"
"696","0.0041634393855929375","0.0041634393855929375","0.0041634393855929375","696","696","696","0.006380367558449507","0.006380367558449507","0.006380367558449507","0.17815962053836928","0.17815962053836928","0.17815962053836928"
"697","0.0010705896420404315","0.0010705896420404315","0.0010705896420404315","697","697","697","0.002926897257566452","0.002926897257566452","0.002926897257566452","0.1775255763906716","0.1775255763906716","0.1775255763906716"
"698","0.003808017587289214","0.003808017587289214","0.003808017587289214","698","698","698","0.004130187910050154","0.004130187910050154","0.004130187910050154","0.1778927584870086","0.1778927584870086","0.1778927584870086"
"699","0.0003153671568725258","0.0003153671568725258","0.0003153671568725258","699","699","699","0.0018476727418601513","0.0018476727418601513","0.0018476727418601513","0.1780560841986234","0.1780560841986234","0.1780560841986234"
"700","0.0018644776428118348","0.0018644776428118348","0.0018644776428118348","700","700","700","0.003027358092367649","0.003027358092367649","0.003027358092367649","0.17773053185199122","0.17773053185199122","0.17773053185199122"
"701","0.00041198584949597716","0.00041198584949597716","0.00041198584949597716","701","701","701","0.0036869621835649014","0.0036869621835649014","0.0036869621835649014","0.17827012153218344","0.17827012153218344","0.17827012153218344"
"702","0.002070461632683873","0.002070461632683873","0.002070461632683873","702","702","702","0.003338335547596216","0.003338335547596216","0.003338335547596216","0.17782870957935454","0.17782870957935454","0.17782870957935454"
"703","0.002216640394181013","0.002216640394181013","0.002216640394181013","703","703","703","0.0027524784673005342","0.0027524784673005342","0.0027524784673005342","0.17796020914453548","0.17796020914453548","0.17796020914453548"
"704","0.0003101912443526089","0.0003101912443526089","0.0003101912443526089","704","704","704","0.0038446136750280857","0.0038446136750280857","0.0038446136750280857","0.17808410483238699","0.17808410483238699","0.17808410483238699"
"705","0.003921783994883299","0.003921783994883299","0.003921783994883299","705","705","705","0.009152494370937347","0.009152494370937347","0.009152494370937347","0.17831207553496486","0.17831207553496486","0.17831207553496486"
"706","0.007534877397119999","0.007534877397119999","0.007534877397119999","706","706","706","0.004090957809239626","0.004090957809239626","0.004090957809239626","0.1778916672434273","0.1778916672434273","0.1778916672434273"
"707","0.003674506675451994","0.003674506675451994","0.003674506675451994","707","707","707","0.002491129096597433","0.002491129096597433","0.002491129096597433","0.17828832460762029","0.17828832460762029","0.17828832460762029"
"708","0.0012303170515224338","0.0012303170515224338","0.0012303170515224338","708","708","708","0.006017971783876419","0.006017971783876419","0.006017971783876419","0.1778941791135241","0.1778941791135241","0.1778941791135241"
"709","0.011081098578870296","0.011081098578870296","0.011081098578870296","709","709","709","0.005914446897804737","0.005914446897804737","0.005914446897804737","0.177961861348796","0.177961861348796","0.177961861348796"
"710","0.0032880043145269156","0.0032880043145269156","0.0032880043145269156","710","710","710","0.0031923758797347546","0.0031923758797347546","0.0031923758797347546","0.17805229701521078","0.17805229701521078","0.17805229701521078"
"711","0.002960529876872897","0.002960529876872897","0.002960529876872897","711","711","711","0.0034182823728770018","0.0034182823728770018","0.0034182823728770018","0.17840578804997115","0.17840578804997115","0.17840578804997115"
"712","0.0028038721065968275","0.0028038721065968275","0.0028038721065968275","712","712","712","0.0036122146993875504","0.0036122146993875504","0.0036122146993875504","0.17804429864261698","0.17804429864261698","0.17804429864261698"
"713","0.0027450709603726864","0.0027450709603726864","0.0027450709603726864","713","713","713","0.004327651113271713","0.004327651113271713","0.004327651113271713","0.17772858911041278","0.17772858911041278","0.17772858911041278"
"714","0.0013620308600366116","0.0013620308600366116","0.0013620308600366116","714","714","714","0.0031232107430696487","0.0031232107430696487","0.0031232107430696487","0.17752915246662124","0.17752915246662124","0.17752915246662124"
"715","0.007952259853482246","0.007952259853482246","0.007952259853482246","715","715","715","0.0030753756873309612","0.0030753756873309612","0.0030753756873309612","0.17784909567029863","0.17784909567029863","0.17784909567029863"
"716","0.0014650286175310612","0.0014650286175310612","0.0014650286175310612","716","716","716","0.004862800240516663","0.004862800240516663","0.004862800240516663","0.17812358278192164","0.17812358278192164","0.17812358278192164"
"717","0.0032344891224056482","0.0032344891224056482","0.0032344891224056482","717","717","717","0.0046510542742908","0.0046510542742908","0.0046510542742908","0.17810159110391394","0.17810159110391394","0.17810159110391394"
"718","0.013365799561142921","0.013365799561142921","0.013365799561142921","718","718","718","0.00274629145860672","0.00274629145860672","0.00274629145860672","0.1776729097958079","0.1776729097958079","0.1776729097958079"
"719","0.002962830476462841","0.002962830476462841","0.002962830476462841","719","719","719","0.0028847060166299343","0.0028847060166299343","0.0028847060166299343","0.17780197428516742","0.17780197428516742","0.17780197428516742"
"720","0.004027903079986572","0.004027903079986572","0.004027903079986572","720","720","720","0.005409915931522846","0.005409915931522846","0.005409915931522846","0.17795861535614432","0.17795861535614432","0.17795861535614432"
"721","0.0034705454017966986","0.0034705454017966986","0.0034705454017966986","721","721","721","0.002566816285252571","0.002566816285252571","0.002566816285252571","0.17811598465187578","0.17811598465187578","0.17811598465187578"
"722","0.0012759810779243708","0.0012759810779243708","0.0012759810779243708","722","722","722","0.0026842427905648947","0.0026842427905648947","0.0026842427905648947","0.1778626399810868","0.1778626399810868","0.1778626399810868"
"723","0.0038441664073616266","0.0038441664073616266","0.0038441664073616266","723","723","723","0.00399404764175415","0.00399404764175415","0.00399404764175415","0.17845841786697264","0.17845841786697264","0.17845841786697264"
"724","0.0026724236086010933","0.0026724236086010933","0.0026724236086010933","724","724","724","0.004122515209019184","0.004122515209019184","0.004122515209019184","0.17837622052454452","0.17837622052454452","0.17837622052454452"
"725","0.004746276419609785","0.004746276419609785","0.004746276419609785","725","725","725","0.00255662202835083","0.00255662202835083","0.00255662202835083","0.1784605889670801","0.1784605889670801","0.1784605889670801"
"726","0.0003497660509310663","0.0003497660509310663","0.0003497660509310663","726","726","726","0.0034691335167735815","0.0034691335167735815","0.0034691335167735815","0.1776122116589148","0.1776122116589148","0.1776122116589148"
"727","0.002676604548469186","0.002676604548469186","0.002676604548469186","727","727","727","0.0035487255081534386","0.0035487255081534386","0.0035487255081534386","0.17813411344267416","0.17813411344267416","0.17813411344267416"
"728","0.05017440766096115","0.05017440766096115","0.05017440766096115","728","728","728","0.015202815644443035","0.015202815644443035","0.015202815644443035","0.17828728255230825","0.17828728255230825","0.17828728255230825"
"729","0.012014670297503471","0.012014670297503471","0.012014670297503471","729","729","729","0.0032767578959465027","0.0032767578959465027","0.0032767578959465027","0.17814285403501126","0.17814285403501126","0.17814285403501126"
"730","0.0026035893242806196","0.0026035893242806196","0.0026035893242806196","730","730","730","0.00448477640748024","0.00448477640748024","0.00448477640748024","0.17790110348745908","0.17790110348745908","0.17790110348745908"
"731","0.0022575100883841515","0.0022575100883841515","0.0022575100883841515","731","731","731","0.0032320208847522736","0.0032320208847522736","0.0032320208847522736","0.17836782212749852","0.17836782212749852","0.17836782212749852"
"732","0.0020236687269061804","0.0020236687269061804","0.0020236687269061804","732","732","732","0.0050818221643567085","0.0050818221643567085","0.0050818221643567085","0.1781664200325254","0.1781664200325254","0.1781664200325254"
"733","0.0002789495629258454","0.0002789495629258454","0.0002789495629258454","733","733","733","0.0029480995144695044","0.0029480995144695044","0.0029480995144695044","0.17804521301362322","0.17804521301362322","0.17804521301362322"
"734","0.0027683174703270197","0.0027683174703270197","0.0027683174703270197","734","734","734","0.00325363059528172","0.00325363059528172","0.00325363059528172","0.1778998648879504","0.1778998648879504","0.1778998648879504"
"735","0.0045988126657903194","0.0045988126657903194","0.0045988126657903194","735","735","735","0.00417155958712101","0.00417155958712101","0.00417155958712101","0.17800797511316824","0.17800797511316824","0.17800797511316824"
"736","0.0008226031204685569","0.0008226031204685569","0.0008226031204685569","736","736","736","0.003320968709886074","0.003320968709886074","0.003320968709886074","0.17851633105025394","0.17851633105025394","0.17851633105025394"
"737","0.0040059201419353485","0.0040059201419353485","0.0040059201419353485","737","737","737","0.003342087147757411","0.003342087147757411","0.003342087147757411","0.17806281197306986","0.17806281197306986","0.17806281197306986"
"738","0.002810862148180604","0.002810862148180604","0.002810862148180604","738","738","738","0.0035439913626760244","0.0035439913626760244","0.0035439913626760244","0.17794464254251488","0.17794464254251488","0.17794464254251488"
"739","0.0011854155454784632","0.0011854155454784632","0.0011854155454784632","739","739","739","0.0031985798850655556","0.0031985798850655556","0.0031985798850655556","0.17793131070919957","0.17793131070919957","0.17793131070919957"
"740","0.011717689223587513","0.011717689223587513","0.011717689223587513","740","740","740","0.006586907431483269","0.006586907431483269","0.006586907431483269","0.1779182313324569","0.1779182313324569","0.1779182313324569"
"741","0.0029974253848195076","0.0029974253848195076","0.0029974253848195076","741","741","741","0.004008667543530464","0.004008667543530464","0.004008667543530464","0.17799076670176023","0.17799076670176023","0.17799076670176023"
"742","0.005623347125947475","0.005623347125947475","0.005623347125947475","742","742","742","0.007879390381276608","0.007879390381276608","0.007879390381276608","0.1776821128002665","0.1776821128002665","0.1776821128002665"
"743","0.007183642592281103","0.007183642592281103","0.007183642592281103","743","743","743","0.005127869546413422","0.005127869546413422","0.005127869546413422","0.1779333785179349","0.1779333785179349","0.1779333785179349"
"744","0.0003379422123543918","0.0003379422123543918","0.0003379422123543918","744","744","744","0.0037648561410605907","0.0037648561410605907","0.0037648561410605907","0.17811527025623436","0.17811527025623436","0.17811527025623436"
"745","0.06342749297618866","0.06342749297618866","0.06342749297618866","745","745","745","0.013837229460477829","0.013837229460477829","0.013837229460477829","0.1790839479009384","0.1790839479009384","0.1790839479009384"
"746","0.003567892825230956","0.003567892825230956","0.003567892825230956","746","746","746","0.007538540288805962","0.007538540288805962","0.007538540288805962","0.1781667668139706","0.1781667668139706","0.1781667668139706"
"747","0.0014269546372815967","0.0014269546372815967","0.0014269546372815967","747","747","747","0.003883554833009839","0.003883554833009839","0.003883554833009839","0.17753513069207877","0.17753513069207877","0.17753513069207877"
"748","0.0009107704972848296","0.0009107704972848296","0.0009107704972848296","748","748","748","0.003901744494214654","0.003901744494214654","0.003901744494214654","0.1783347271553292","0.1783347271553292","0.1783347271553292"
"749","0.004143822006881237","0.004143822006881237","0.004143822006881237","749","749","749","0.0035051594022661448","0.0035051594022661448","0.0035051594022661448","0.17845969521687266","0.17845969521687266","0.17845969521687266"
"750","0.0038100755773484707","0.0038100755773484707","0.0038100755773484707","750","750","750","0.004243479110300541","0.004243479110300541","0.004243479110300541","0.17818170179536333","0.17818170179536333","0.17818170179536333"
"751","0.0010778950527310371","0.0010778950527310371","0.0010778950527310371","751","751","751","0.003804677166044712","0.003804677166044712","0.003804677166044712","0.17802100423266534","0.17802100423266534","0.17802100423266534"
"752","0.0045512099750339985","0.0045512099750339985","0.0045512099750339985","752","752","752","0.0029684361070394516","0.0029684361070394516","0.0029684361070394516","0.17767403755660305","0.17767403755660305","0.17767403755660305"
"753","0.0012191595742478967","0.0012191595742478967","0.0012191595742478967","753","753","753","0.00217549130320549","0.00217549130320549","0.00217549130320549","0.1783973518977876","0.1783973518977876","0.1783973518977876"
"754","0.0003282635589130223","0.0003282635589130223","0.0003282635589130223","754","754","754","0.0056383321061730385","0.0056383321061730385","0.0056383321061730385","0.17728653591924096","0.17728653591924096","0.17728653591924096"
"755","0.0014523504069074988","0.0014523504069074988","0.0014523504069074988","755","755","755","0.003453900571912527","0.003453900571912527","0.003453900571912527","0.1778133657022349","0.1778133657022349","0.1778133657022349"
"756","0.0008160020224750042","0.0008160020224750042","0.0008160020224750042","756","756","756","0.0024592368863523006","0.0024592368863523006","0.0024592368863523006","0.17775254949260755","0.17775254949260755","0.17775254949260755"
"757","0.005869286600500345","0.005869286600500345","0.005869286600500345","757","757","757","0.004745228216052055","0.004745228216052055","0.004745228216052055","0.17808877788998617","0.17808877788998617","0.17808877788998617"
"758","0.00034054648131132126","0.00034054648131132126","0.00034054648131132126","758","758","758","0.0038371747359633446","0.0038371747359633446","0.0038371747359633446","0.17767131019255422","0.17767131019255422","0.17767131019255422"
"759","0.0008710621041245759","0.0008710621041245759","0.0008710621041245759","759","759","759","0.0035138390958309174","0.0035138390958309174","0.0035138390958309174","0.17836366094060593","0.17836366094060593","0.17836366094060593"
"760","0.0011464236304163933","0.0011464236304163933","0.0011464236304163933","760","760","760","0.0027284815441817045","0.0027284815441817045","0.0027284815441817045","0.17817557710786378","0.17817557710786378","0.17817557710786378"
"761","0.002182355150580406","0.002182355150580406","0.002182355150580406","761","761","761","0.004847862757742405","0.004847862757742405","0.004847862757742405","0.177974273834836","0.177974273834836","0.177974273834836"
"762","0.00021547757205553353","0.00021547757205553353","0.00021547757205553353","762","762","762","0.0026675048284232616","0.0026675048284232616","0.0026675048284232616","0.17806291638563845","0.17806291638563845","0.17806291638563845"
"763","0.004764191340655088","0.004764191340655088","0.004764191340655088","763","763","763","0.004992960952222347","0.004992960952222347","0.004992960952222347","0.1781644245394233","0.1781644245394233","0.1781644245394233"
"764","0.006113830022513866","0.006113830022513866","0.006113830022513866","764","764","764","0.0059713441878557205","0.0059713441878557205","0.0059713441878557205","0.17792290374191244","0.17792290374191244","0.17792290374191244"
"765","0.0015306163113564253","0.0015306163113564253","0.0015306163113564253","765","765","765","0.0032576818484812975","0.0032576818484812975","0.0032576818484812975","0.17771939093785","0.17771939093785","0.17771939093785"
"766","0.0017615394899621606","0.0017615394899621606","0.0017615394899621606","766","766","766","0.0031970557756721973","0.0031970557756721973","0.0031970557756721973","0.17805390795944304","0.17805390795944304","0.17805390795944304"
"767","0.0006441326695494354","0.0006441326695494354","0.0006441326695494354","767","767","767","0.003952652215957642","0.003952652215957642","0.003952652215957642","0.17814478067436604","0.17814478067436604","0.17814478067436604"
"768","0.004754973575472832","0.004754973575472832","0.004754973575472832","768","768","768","0.005534069612622261","0.005534069612622261","0.005534069612622261","0.1776518104304188","0.1776518104304188","0.1776518104304188"
"769","0.0013889430556446314","0.0013889430556446314","0.0013889430556446314","769","769","769","0.0062177423387765884","0.0062177423387765884","0.0062177423387765884","0.1780949721776734","0.1780949721776734","0.1780949721776734"
"770","0.003102991497144103","0.003102991497144103","0.003102991497144103","770","770","770","0.003927948884665966","0.003927948884665966","0.003927948884665966","0.1782830355831383","0.1782830355831383","0.1782830355831383"
"771","0.001869445783086121","0.001869445783086121","0.001869445783086121","771","771","771","0.0035979284439235926","0.0035979284439235926","0.0035979284439235926","0.17836351544310003","0.17836351544310003","0.17836351544310003"
"772","0.002189522609114647","0.002189522609114647","0.002189522609114647","772","772","772","0.0027772309258580208","0.0027772309258580208","0.0027772309258580208","0.17805898188930325","0.17805898188930325","0.17805898188930325"
"773","0.00022672642080578953","0.00022672642080578953","0.00022672642080578953","773","773","773","0.003585341153666377","0.003585341153666377","0.003585341153666377","0.1781694069059331","0.1781694069059331","0.1781694069059331"
"774","0.010858092457056046","0.010858092457056046","0.010858092457056046","774","774","774","0.004507452715188265","0.004507452715188265","0.004507452715188265","0.1782526854288207","0.1782526854288207","0.1782526854288207"
"775","0.01718328706920147","0.01718328706920147","0.01718328706920147","775","775","775","0.004253176972270012","0.004253176972270012","0.004253176972270012","0.17799824327568348","0.17799824327568348","0.17799824327568348"
"776","0.002067366847768426","0.002067366847768426","0.002067366847768426","776","776","776","0.007000391371548176","0.007000391371548176","0.007000391371548176","0.17794350951363244","0.17794350951363244","0.17794350951363244"
"777","0.0025310765486210585","0.0025310765486210585","0.0025310765486210585","777","777","777","0.0031953100115060806","0.0031953100115060806","0.0031953100115060806","0.17823640699608748","0.17823640699608748","0.17823640699608748"
"778","0.0007036516908556223","0.0007036516908556223","0.0007036516908556223","778","778","778","0.004151791799813509","0.004151791799813509","0.004151791799813509","0.1774882317492456","0.1774882317492456","0.1774882317492456"
"779","0.001704935566522181","0.001704935566522181","0.001704935566522181","779","779","779","0.0032075834460556507","0.0032075834460556507","0.0032075834460556507","0.1776734365062403","0.1776734365062403","0.1776734365062403"
"780","0.0009748186566866934","0.0009748186566866934","0.0009748186566866934","780","780","780","0.004736755043268204","0.004736755043268204","0.004736755043268204","0.177523631035016","0.177523631035016","0.177523631035016"
"781","0.013055460527539253","0.013055460527539253","0.013055460527539253","781","781","781","0.008692408911883831","0.008692408911883831","0.008692408911883831","0.17768063481457083","0.17768063481457083","0.17768063481457083"
"782","0.0020917172078043222","0.0020917172078043222","0.0020917172078043222","782","782","782","0.003021208569407463","0.003021208569407463","0.003021208569407463","0.17799194211186736","0.17799194211186736","0.17799194211186736"
"783","0.0020167529582977295","0.0020167529582977295","0.0020167529582977295","783","783","783","0.003583659417927265","0.003583659417927265","0.003583659417927265","0.177942034261813","0.177942034261813","0.177942034261813"
"784","0.0019721761345863342","0.0019721761345863342","0.0019721761345863342","784","784","784","0.0021959063597023487","0.0021959063597023487","0.0021959063597023487","0.17777472404543088","0.17777472404543088","0.17777472404543088"
"785","0.0033169519156217575","0.0033169519156217575","0.0033169519156217575","785","785","785","0.00660689827054739","0.00660689827054739","0.00660689827054739","0.1773032670757299","0.1773032670757299","0.1773032670757299"
"786","0.0014299096073955297","0.0014299096073955297","0.0014299096073955297","786","786","786","0.0035247537307441235","0.0035247537307441235","0.0035247537307441235","0.1780893776932099","0.1780893776932099","0.1780893776932099"
"787","0.0013891883427277207","0.0013891883427277207","0.0013891883427277207","787","787","787","0.0037301811389625072","0.0037301811389625072","0.0037301811389625072","0.17888612123377126","0.17888612123377126","0.17888612123377126"
"788","0.0036755958572030067","0.0036755958572030067","0.0036755958572030067","788","788","788","0.0026900158263742924","0.0026900158263742924","0.0026900158263742924","0.17815479621447822","0.17815479621447822","0.17815479621447822"
"789","0.006349063478410244","0.006349063478410244","0.006349063478410244","789","789","789","0.005450001917779446","0.005450001917779446","0.005450001917779446","0.17822775945690975","0.17822775945690975","0.17822775945690975"
"790","0.002961745485663414","0.002961745485663414","0.002961745485663414","790","790","790","0.004699414130300283","0.004699414130300283","0.004699414130300283","0.17800157305396136","0.17800157305396136","0.17800157305396136"
"791","0.005680745933204889","0.005680745933204889","0.005680745933204889","791","791","791","0.005167901050299406","0.005167901050299406","0.005167901050299406","0.178051928590067","0.178051928590067","0.178051928590067"
"792","0.0031205739360302687","0.0031205739360302687","0.0031205739360302687","792","792","792","0.004890509881079197","0.004890509881079197","0.004890509881079197","0.17797823144931985","0.17797823144931985","0.17797823144931985"
"793","0.00035759410820901394","0.00035759410820901394","0.00035759410820901394","793","793","793","0.004717904608696699","0.004717904608696699","0.004717904608696699","0.17807364598964076","0.17807364598964076","0.17807364598964076"
"794","0.0003257417993154377","0.0003257417993154377","0.0003257417993154377","794","794","794","0.0026644552126526833","0.0026644552126526833","0.0026644552126526833","0.177972918437378","0.177972918437378","0.177972918437378"
"795","0.0017528928583487868","0.0017528928583487868","0.0017528928583487868","795","795","795","0.004503823816776276","0.004503823816776276","0.004503823816776276","0.17768275912853398","0.17768275912853398","0.17768275912853398"
"796","0.008424882777035236","0.008424882777035236","0.008424882777035236","796","796","796","0.003910105675458908","0.003910105675458908","0.003910105675458908","0.17803728261010668","0.17803728261010668","0.17803728261010668"
"797","0.008376513607800007","0.008376513607800007","0.008376513607800007","797","797","797","0.004835937172174454","0.004835937172174454","0.004835937172174454","0.17833520776155043","0.17833520776155043","0.17833520776155043"
"798","0.0067247916013002396","0.0067247916013002396","0.0067247916013002396","798","798","798","0.003911591600626707","0.003911591600626707","0.003911591600626707","0.17831078757516775","0.17831078757516775","0.17831078757516775"
"799","0.004179248586297035","0.004179248586297035","0.004179248586297035","799","799","799","0.005335078574717045","0.005335078574717045","0.005335078574717045","0.17811912468992983","0.17811912468992983","0.17811912468992983"
"800","0.002171518048271537","0.002171518048271537","0.002171518048271537","800","800","800","0.0032761457841843367","0.0032761457841843367","0.0032761457841843367","0.17792427222818671","0.17792427222818671","0.17792427222818671"
"801","0.004127420950680971","0.004127420950680971","0.004127420950680971","801","801","801","0.0029101422987878323","0.0029101422987878323","0.0029101422987878323","0.17809507071701577","0.17809507071701577","0.17809507071701577"
"802","0.0042845578864216805","0.0042845578864216805","0.0042845578864216805","802","802","802","0.003758640494197607","0.003758640494197607","0.003758640494197607","0.1775273072015524","0.1775273072015524","0.1775273072015524"
"803","0.003260817611590028","0.003260817611590028","0.003260817611590028","803","803","803","0.002497113309800625","0.002497113309800625","0.002497113309800625","0.17809130304549262","0.17809130304549262","0.17809130304549262"
"804","0.006383615545928478","0.006383615545928478","0.006383615545928478","804","804","804","0.0029183905571699142","0.0029183905571699142","0.0029183905571699142","0.17778283046757012","0.17778283046757012","0.17778283046757012"
"805","0.000320047460263595","0.000320047460263595","0.000320047460263595","805","805","805","0.003921783063560724","0.003921783063560724","0.003921783063560724","0.17777000146166758","0.17777000146166758","0.17777000146166758"
"806","0.0037434124387800694","0.0037434124387800694","0.0037434124387800694","806","806","806","0.003445965703576803","0.003445965703576803","0.003445965703576803","0.17807684468009058","0.17807684468009058","0.17807684468009058"
"807","0.0030987814534455538","0.0030987814534455538","0.0030987814534455538","807","807","807","0.005275319796055555","0.005275319796055555","0.005275319796055555","0.17787714460428855","0.17787714460428855","0.17787714460428855"
"808","0.0010123131796717644","0.0010123131796717644","0.0010123131796717644","808","808","808","0.00211908295750618","0.00211908295750618","0.00211908295750618","0.1776675136678859","0.1776675136678859","0.1776675136678859"
"809","0.002465973375365138","0.002465973375365138","0.002465973375365138","809","809","809","0.0037978466134518385","0.0037978466134518385","0.0037978466134518385","0.17786332682294223","0.17786332682294223","0.17786332682294223"
"810","0.0017313684802502394","0.0017313684802502394","0.0017313684802502394","810","810","810","0.003245843108743429","0.003245843108743429","0.003245843108743429","0.17793417865592065","0.17793417865592065","0.17793417865592065"
"811","0.0008121625287458301","0.0008121625287458301","0.0008121625287458301","811","811","811","0.0017826859839260578","0.0017826859839260578","0.0017826859839260578","0.17819885729244384","0.17819885729244384","0.17819885729244384"
"812","0.002722744597122073","0.002722744597122073","0.002722744597122073","812","812","812","0.004267443437129259","0.004267443437129259","0.004267443437129259","0.17819928658473028","0.17819928658473028","0.17819928658473028"
"813","0.0007438018801622093","0.0007438018801622093","0.0007438018801622093","813","813","813","0.0042350636795163155","0.0042350636795163155","0.0042350636795163155","0.17817142965178764","0.17817142965178764","0.17817142965178764"
"814","0.006534753832966089","0.006534753832966089","0.006534753832966089","814","814","814","0.004481269977986813","0.004481269977986813","0.004481269977986813","0.17778238589936643","0.17778238589936643","0.17778238589936643"
"815","0.00955347903072834","0.00955347903072834","0.00955347903072834","815","815","815","0.0035262610763311386","0.0035262610763311386","0.0035262610763311386","0.17786787387342262","0.17786787387342262","0.17786787387342262"
"816","0.005757732782512903","0.005757732782512903","0.005757732782512903","816","816","816","0.003281081560999155","0.003281081560999155","0.003281081560999155","0.17803594119842214","0.17803594119842214","0.17803594119842214"
"817","0.004656520206481218","0.004656520206481218","0.004656520206481218","817","817","817","0.0027675782330334187","0.0027675782330334187","0.0027675782330334187","0.17814336074821435","0.17814336074821435","0.17814336074821435"
"818","0.0016896874876692891","0.0016896874876692891","0.0016896874876692891","818","818","818","0.004316804464906454","0.004316804464906454","0.004316804464906454","0.1778036104701421","0.1778036104701421","0.1778036104701421"
"819","0.0003975534636992961","0.0003975534636992961","0.0003975534636992961","819","819","819","0.004350754432380199","0.004350754432380199","0.004350754432380199","0.1782302837953251","0.1782302837953251","0.1782302837953251"
"820","0.0037940768525004387","0.0037940768525004387","0.0037940768525004387","820","820","820","0.0037243443075567484","0.0037243443075567484","0.0037243443075567484","0.17750011640980032","0.17750011640980032","0.17750011640980032"
"821","0.0006663024541921914","0.0006663024541921914","0.0006663024541921914","821","821","821","0.0017688105581328273","0.0017688105581328273","0.0017688105581328273","0.1782016774454797","0.1782016774454797","0.1782016774454797"
"822","0.00377710722386837","0.00377710722386837","0.00377710722386837","822","822","822","0.005304023623466492","0.005304023623466492","0.005304023623466492","0.17777433405952633","0.17777433405952633","0.17777433405952633"
"823","0.009771312586963177","0.009771312586963177","0.009771312586963177","823","823","823","0.004227368161082268","0.004227368161082268","0.004227368161082268","0.17768399434909454","0.17768399434909454","0.17768399434909454"
"824","0.004060907755047083","0.004060907755047083","0.004060907755047083","824","824","824","0.004516413901001215","0.004516413901001215","0.004516413901001215","0.17819253054999046","0.17819253054999046","0.17819253054999046"
"825","0.0009984230855479836","0.0009984230855479836","0.0009984230855479836","825","825","825","0.0033320884685963392","0.0033320884685963392","0.0033320884685963392","0.17786867712004065","0.17786867712004065","0.17786867712004065"
"826","0.0008839473011903465","0.0008839473011903465","0.0008839473011903465","826","826","826","0.0025363899767398834","0.0025363899767398834","0.0025363899767398834","0.17815586647171994","0.17815586647171994","0.17815586647171994"
"827","0.004158859606832266","0.004158859606832266","0.004158859606832266","827","827","827","0.0025255740620195866","0.0025255740620195866","0.0025255740620195866","0.17820493095168327","0.17820493095168327","0.17820493095168327"
"828","0.0010806778445839882","0.0010806778445839882","0.0010806778445839882","828","828","828","0.003316005691885948","0.003316005691885948","0.003316005691885948","0.17809360550988754","0.17809360550988754","0.17809360550988754"
"829","0.0006951901013962924","0.0006951901013962924","0.0006951901013962924","829","829","829","0.0046736025251448154","0.0046736025251448154","0.0046736025251448154","0.17852285315427208","0.17852285315427208","0.17852285315427208"
"830","0.0020490228198468685","0.0020490228198468685","0.0020490228198468685","830","830","830","0.005006906110793352","0.005006906110793352","0.005006906110793352","0.17764627436489647","0.17764627436489647","0.17764627436489647"
"831","0.0006684553809463978","0.0006684553809463978","0.0006684553809463978","831","831","831","0.0036810734309256077","0.0036810734309256077","0.0036810734309256077","0.1784352630628701","0.1784352630628701","0.1784352630628701"
"832","0.005755454767495394","0.005755454767495394","0.005755454767495394","832","832","832","0.0036618176382035017","0.0036618176382035017","0.0036618176382035017","0.17826668065101972","0.17826668065101972","0.17826668065101972"
"833","0.004000576678663492","0.004000576678663492","0.004000576678663492","833","833","833","0.0045364233665168285","0.0045364233665168285","0.0045364233665168285","0.17822969989158816","0.17822969989158816","0.17822969989158816"
"834","0.0034515145234763622","0.0034515145234763622","0.0034515145234763622","834","834","834","0.003958212677389383","0.003958212677389383","0.003958212677389383","0.17771062101624327","0.17771062101624327","0.17771062101624327"
"835","0.0020989563781768084","0.0020989563781768084","0.0020989563781768084","835","835","835","0.0037701325491070747","0.0037701325491070747","0.0037701325491070747","0.1777118634155327","0.1777118634155327","0.1777118634155327"
"836","0.012734295800328255","0.012734295800328255","0.012734295800328255","836","836","836","0.003351164050400257","0.003351164050400257","0.003351164050400257","0.17699447152565936","0.17699447152565936","0.17699447152565936"
"837","0.0020655870903283358","0.0020655870903283358","0.0020655870903283358","837","837","837","0.002862080466002226","0.002862080466002226","0.002862080466002226","0.17821509284939724","0.17821509284939724","0.17821509284939724"
"838","0.009115053340792656","0.009115053340792656","0.009115053340792656","838","838","838","0.009161197580397129","0.009161197580397129","0.009161197580397129","0.17818361039113517","0.17818361039113517","0.17818361039113517"
"839","0.004413785878568888","0.004413785878568888","0.004413785878568888","839","839","839","0.0038760548923164606","0.0038760548923164606","0.0038760548923164606","0.17812811918871546","0.17812811918871546","0.17812811918871546"
"840","0.009083778597414494","0.009083778597414494","0.009083778597414494","840","840","840","0.004098182078450918","0.004098182078450918","0.004098182078450918","0.17805046748068132","0.17805046748068132","0.17805046748068132"
"841","0.011500822380185127","0.011500822380185127","0.011500822380185127","841","841","841","0.0028420714661478996","0.0028420714661478996","0.0028420714661478996","0.17803209612748472","0.17803209612748472","0.17803209612748472"
"842","0.0011848550057038665","0.0011848550057038665","0.0011848550057038665","842","842","842","0.0026746136136353016","0.0026746136136353016","0.0026746136136353016","0.17747283872071798","0.17747283872071798","0.17747283872071798"
"843","0.0025949454866349697","0.0025949454866349697","0.0025949454866349697","843","843","843","0.003779408521950245","0.003779408521950245","0.003779408521950245","0.17818793448018821","0.17818793448018821","0.17818793448018821"
"844","0.0010436566080898046","0.0010436566080898046","0.0010436566080898046","844","844","844","0.002433215267956257","0.002433215267956257","0.002433215267956257","0.17775858990299753","0.17775858990299753","0.17775858990299753"
"845","0.00356487138196826","0.00356487138196826","0.00356487138196826","845","845","845","0.004529675468802452","0.004529675468802452","0.004529675468802452","0.1781063523274848","0.1781063523274848","0.1781063523274848"
"846","0.0040773251093924046","0.0040773251093924046","0.0040773251093924046","846","846","846","0.003711478319019079","0.003711478319019079","0.003711478319019079","0.17769748025937218","0.17769748025937218","0.17769748025937218"
"847","0.014493772760033607","0.014493772760033607","0.014493772760033607","847","847","847","0.0037949709221720695","0.0037949709221720695","0.0037949709221720695","0.17824634809490086","0.17824634809490086","0.17824634809490086"
"848","0.0005232446710579097","0.0005232446710579097","0.0005232446710579097","848","848","848","0.0053165326826274395","0.0053165326826274395","0.0053165326826274395","0.17789806722918877","0.17789806722918877","0.17789806722918877"
"849","0.0005159373977221549","0.0005159373977221549","0.0005159373977221549","849","849","849","0.006432951427996159","0.006432951427996159","0.006432951427996159","0.17765865333791467","0.17765865333791467","0.17765865333791467"
"850","0.005233819130808115","0.005233819130808115","0.005233819130808115","850","850","850","0.0037646302953362465","0.0037646302953362465","0.0037646302953362465","0.1779834586636255","0.1779834586636255","0.1779834586636255"
"851","0.004340013489127159","0.004340013489127159","0.004340013489127159","851","851","851","0.004730603192001581","0.004730603192001581","0.004730603192001581","0.17787768036723015","0.17787768036723015","0.17787768036723015"
"852","0.0010816940339282155","0.0010816940339282155","0.0010816940339282155","852","852","852","0.0065010483376681805","0.0065010483376681805","0.0065010483376681805","0.1779354047318189","0.1779354047318189","0.1779354047318189"
"853","0.002391939051449299","0.002391939051449299","0.002391939051449299","853","853","853","0.002895175479352474","0.002895175479352474","0.002895175479352474","0.17790231613050267","0.17790231613050267","0.17790231613050267"
"854","0.009413826279342175","0.009413826279342175","0.009413826279342175","854","854","854","0.00454694265499711","0.00454694265499711","0.00454694265499711","0.1777982175030725","0.1777982175030725","0.1777982175030725"
"855","0.0011052867630496621","0.0011052867630496621","0.0011052867630496621","855","855","855","0.003680691123008728","0.003680691123008728","0.003680691123008728","0.17788229799164962","0.17788229799164962","0.17788229799164962"
"856","0.00201847730204463","0.00201847730204463","0.00201847730204463","856","856","856","0.0021822089329361916","0.0021822089329361916","0.0021822089329361916","0.17813528434342144","0.17813528434342144","0.17813528434342144"
"857","0.004869024734944105","0.004869024734944105","0.004869024734944105","857","857","857","0.005280805751681328","0.005280805751681328","0.005280805751681328","0.17768289074777843","0.17768289074777843","0.17768289074777843"
"858","0.0009909530635923147","0.0009909530635923147","0.0009909530635923147","858","858","858","0.005713733844459057","0.005713733844459057","0.005713733844459057","0.17833017345753632","0.17833017345753632","0.17833017345753632"
"859","0.003871254390105605","0.003871254390105605","0.003871254390105605","859","859","859","0.0021703396923840046","0.0021703396923840046","0.0021703396923840046","0.1777355662573738","0.1777355662573738","0.1777355662573738"
"860","0.0027761608362197876","0.0027761608362197876","0.0027761608362197876","860","860","860","0.002981976605951786","0.002981976605951786","0.002981976605951786","0.17838074914132707","0.17838074914132707","0.17838074914132707"
"861","0.005728386342525482","0.005728386342525482","0.005728386342525482","861","861","861","0.0036262141074985266","0.0036262141074985266","0.0036262141074985266","0.17776592252144394","0.17776592252144394","0.17776592252144394"
"862","0.006525081116706133","0.006525081116706133","0.006525081116706133","862","862","862","0.005235906690359116","0.005235906690359116","0.005235906690359116","0.1770049973545161","0.1770049973545161","0.1770049973545161"
"863","0.00012544574565254152","0.00012544574565254152","0.00012544574565254152","863","863","863","0.002459624782204628","0.002459624782204628","0.002459624782204628","0.17806677159342021","0.17806677159342021","0.17806677159342021"
"864","0.007226546760648489","0.007226546760648489","0.007226546760648489","864","864","864","0.004003544338047504","0.004003544338047504","0.004003544338047504","0.17766790581938902","0.17766790581938902","0.17766790581938902"
"865","0.0009791735792532563","0.0009791735792532563","0.0009791735792532563","865","865","865","0.003887354861944914","0.003887354861944914","0.003887354861944914","0.1776636622475978","0.1776636622475978","0.1776636622475978"
"866","0.013072595931589603","0.013072595931589603","0.013072595931589603","866","866","866","0.0035440362989902496","0.0035440362989902496","0.0035440362989902496","0.1779231208301136","0.1779231208301136","0.1779231208301136"
"867","0.0030562966130673885","0.0030562966130673885","0.0030562966130673885","867","867","867","0.0026819247286766768","0.0026819247286766768","0.0026819247286766768","0.17817009091254388","0.17817009091254388","0.17817009091254388"
"868","0.00070791388861835","0.00070791388861835","0.00070791388861835","868","868","868","0.003735166974365711","0.003735166974365711","0.003735166974365711","0.1777286957223694","0.1777286957223694","0.1777286957223694"
"869","0.0016367175849154592","0.0016367175849154592","0.0016367175849154592","869","869","869","0.00343491998501122","0.00343491998501122","0.00343491998501122","0.1779057781239486","0.1779057781239486","0.1779057781239486"
"870","0.0010075113968923688","0.0010075113968923688","0.0010075113968923688","870","870","870","0.003669912461191416","0.003669912461191416","0.003669912461191416","0.17790361950137495","0.17790361950137495","0.17790361950137495"
"871","0.00550182955339551","0.00550182955339551","0.00550182955339551","871","871","871","0.006980550475418568","0.006980550475418568","0.006980550475418568","0.1779001470116875","0.1779001470116875","0.1779001470116875"
"872","0.0021066756453365088","0.0021066756453365088","0.0021066756453365088","872","872","872","0.0033770431764423847","0.0033770431764423847","0.0033770431764423847","0.17767402379506889","0.17767402379506889","0.17767402379506889"
"873","0.010110082104802132","0.010110082104802132","0.010110082104802132","873","873","873","0.002652699127793312","0.002652699127793312","0.002652699127793312","0.1780460621248543","0.1780460621248543","0.1780460621248543"
"874","0.0027404443826526403","0.0027404443826526403","0.0027404443826526403","874","874","874","0.0031729829497635365","0.0031729829497635365","0.0031729829497635365","0.17821244297384406","0.17821244297384406","0.17821244297384406"
"875","0.006536831147968769","0.006536831147968769","0.006536831147968769","875","875","875","0.004286091309040785","0.004286091309040785","0.004286091309040785","0.17799838653079653","0.17799838653079653","0.17799838653079653"
"876","0.0008963621221482754","0.0008963621221482754","0.0008963621221482754","876","876","876","0.003372595878317952","0.003372595878317952","0.003372595878317952","0.17814134923582642","0.17814134923582642","0.17814134923582642"
"877","0.0003944773052353412","0.0003944773052353412","0.0003944773052353412","877","877","877","0.0029952172189950943","0.0029952172189950943","0.0029952172189950943","0.17765380265208477","0.17765380265208477","0.17765380265208477"
"878","0.0002644209307618439","0.0002644209307618439","0.0002644209307618439","878","878","878","0.002829196397215128","0.002829196397215128","0.002829196397215128","0.177778204561656","0.177778204561656","0.177778204561656"
"879","0.0010929276468232274","0.0010929276468232274","0.0010929276468232274","879","879","879","0.003977789543569088","0.003977789543569088","0.003977789543569088","0.1777823377800735","0.1777823377800735","0.1777823377800735"
"880","0.0007441867492161691","0.0007441867492161691","0.0007441867492161691","880","880","880","0.0032341177575290203","0.0032341177575290203","0.0032341177575290203","0.177584945338457","0.177584945338457","0.177584945338457"
"881","0.003820850746706128","0.003820850746706128","0.003820850746706128","881","881","881","0.003519943216815591","0.003519943216815591","0.003519943216815591","0.17781001678375186","0.17781001678375186","0.17781001678375186"
"882","0.003847019746899605","0.003847019746899605","0.003847019746899605","882","882","882","0.008078588172793388","0.008078588172793388","0.008078588172793388","0.17824631783795636","0.17824631783795636","0.17824631783795636"
"883","0.0006400916608981788","0.0006400916608981788","0.0006400916608981788","883","883","883","0.005820533726364374","0.005820533726364374","0.005820533726364374","0.17805961188496425","0.17805961188496425","0.17805961188496425"
"884","0.0016816325951367617","0.0016816325951367617","0.0016816325951367617","884","884","884","0.0024298694916069508","0.0024298694916069508","0.0024298694916069508","0.17782773709351243","0.17782773709351243","0.17782773709351243"
"885","0.0011151194339618087","0.0011151194339618087","0.0011151194339618087","885","885","885","0.002600720152258873","0.002600720152258873","0.002600720152258873","0.1780597629423757","0.1780597629423757","0.1780597629423757"
"886","0.0041671087965369225","0.0041671087965369225","0.0041671087965369225","886","886","886","0.007915105670690536","0.007915105670690536","0.007915105670690536","0.1781298502299791","0.1781298502299791","0.1781298502299791"
"887","0.004602475557476282","0.004602475557476282","0.004602475557476282","887","887","887","0.010877596214413643","0.010877596214413643","0.010877596214413643","0.17745162328231756","0.17745162328231756","0.17745162328231756"
"888","0.0004531798476818949","0.0004531798476818949","0.0004531798476818949","888","888","888","0.0023111687041819096","0.0023111687041819096","0.0023111687041819096","0.17749990867821366","0.17749990867821366","0.17749990867821366"
"889","0.0006992563721723855","0.0006992563721723855","0.0006992563721723855","889","889","889","0.002685902174562216","0.002685902174562216","0.002685902174562216","0.17774237118242106","0.17774237118242106","0.17774237118242106"
"890","0.0021802387200295925","0.0021802387200295925","0.0021802387200295925","890","890","890","0.0026989930775016546","0.0026989930775016546","0.0026989930775016546","0.17795648980732923","0.17795648980732923","0.17795648980732923"
"891","0.0006905635236762464","0.0006905635236762464","0.0006905635236762464","891","891","891","0.0036567235365509987","0.0036567235365509987","0.0036567235365509987","0.17821633029084824","0.17821633029084824","0.17821633029084824"
"892","0.0015716542256996036","0.0015716542256996036","0.0015716542256996036","892","892","892","0.0021588397212326527","0.0021588397212326527","0.0021588397212326527","0.17779815486351797","0.17779815486351797","0.17779815486351797"
"893","0.008801594376564026","0.008801594376564026","0.008801594376564026","893","893","893","0.0050264401361346245","0.0050264401361346245","0.0050264401361346245","0.1774346692104778","0.1774346692104778","0.1774346692104778"
"894","0.0005037541850470006","0.0005037541850470006","0.0005037541850470006","894","894","894","0.00807449035346508","0.00807449035346508","0.00807449035346508","0.1779644963754081","0.1779644963754081","0.1779644963754081"
"895","0.0016742738662287593","0.0016742738662287593","0.0016742738662287593","895","895","895","0.004021091386675835","0.004021091386675835","0.004021091386675835","0.17799070600663675","0.17799070600663675","0.17799070600663675"
"896","0.001839367556385696","0.001839367556385696","0.001839367556385696","896","896","896","0.0044025154784321785","0.0044025154784321785","0.0044025154784321785","0.17802482446526233","0.17802482446526233","0.17802482446526233"
"897","0.0006337116938084364","0.0006337116938084364","0.0006337116938084364","897","897","897","0.002602893626317382","0.002602893626317382","0.002602893626317382","0.1778523081222826","0.1778523081222826","0.1778523081222826"
"898","0.0019351983210071921","0.0019351983210071921","0.0019351983210071921","898","898","898","0.0032467073760926723","0.0032467073760926723","0.0032467073760926723","0.17817960761547383","0.17817960761547383","0.17817960761547383"
"899","0.003367873840034008","0.003367873840034008","0.003367873840034008","899","899","899","0.004081734921783209","0.004081734921783209","0.004081734921783209","0.17761970181928127","0.17761970181928127","0.17761970181928127"
"900","0.0012925524497404695","0.0012925524497404695","0.0012925524497404695","900","900","900","0.0035605155862867832","0.0035605155862867832","0.0035605155862867832","0.17830254197415557","0.17830254197415557","0.17830254197415557"
"901","0.0008580489084124565","0.0008580489084124565","0.0008580489084124565","901","901","901","0.005003377795219421","0.005003377795219421","0.005003377795219421","0.17777242971201382","0.17777242971201382","0.17777242971201382"
"902","0.0006503501790575683","0.0006503501790575683","0.0006503501790575683","902","902","902","0.00448513263836503","0.00448513263836503","0.00448513263836503","0.17858648115864637","0.17858648115864637","0.17858648115864637"
"903","0.0028912986163049936","0.0028912986163049936","0.0028912986163049936","903","903","903","0.00410065334290266","0.00410065334290266","0.00410065334290266","0.17759790261230182","0.17759790261230182","0.17759790261230182"
"904","0.0037724035792052746","0.0037724035792052746","0.0037724035792052746","904","904","904","0.003805928397923708","0.003805928397923708","0.003805928397923708","0.17830673823452958","0.17830673823452958","0.17830673823452958"
"905","0.0006495276466012001","0.0006495276466012001","0.0006495276466012001","905","905","905","0.00231384951621294","0.00231384951621294","0.00231384951621294","0.1787685363090203","0.1787685363090203","0.1787685363090203"
"906","0.003865722566843033","0.003865722566843033","0.003865722566843033","906","906","906","0.004703782498836517","0.004703782498836517","0.004703782498836517","0.17758288362718716","0.17758288362718716","0.17758288362718716"
"907","0.007103628478944302","0.007103628478944302","0.007103628478944302","907","907","907","0.009480522945523262","0.009480522945523262","0.009480522945523262","0.17777796745472313","0.17777796745472313","0.17777796745472313"
"908","0.00023330282419919968","0.00023330282419919968","0.00023330282419919968","908","908","908","0.003179585561156273","0.003179585561156273","0.003179585561156273","0.17752444122076477","0.17752444122076477","0.17752444122076477"
"909","0.004198822658509016","0.004198822658509016","0.004198822658509016","909","909","909","0.0030128126963973045","0.0030128126963973045","0.0030128126963973045","0.17799319062705288","0.17799319062705288","0.17799319062705288"
"910","0.0016452674753963947","0.0016452674753963947","0.0016452674753963947","910","910","910","0.002734254114329815","0.002734254114329815","0.002734254114329815","0.17738681061566183","0.17738681061566183","0.17738681061566183"
"911","0.0002996748371515423","0.0002996748371515423","0.0002996748371515423","911","911","911","0.0033619385212659836","0.0033619385212659836","0.0033619385212659836","0.17767360885102487","0.17767360885102487","0.17767360885102487"
"912","0.0033885794691741467","0.0033885794691741467","0.0033885794691741467","912","912","912","0.004357030615210533","0.004357030615210533","0.004357030615210533","0.17754703195248406","0.17754703195248406","0.17754703195248406"
"913","0.006476996466517448","0.006476996466517448","0.006476996466517448","913","913","913","0.004326270893216133","0.004326270893216133","0.004326270893216133","0.17771966204621625","0.17771966204621625","0.17771966204621625"
"914","0.00019676395459100604","0.00019676395459100604","0.00019676395459100604","914","914","914","0.0027549797669053078","0.0027549797669053078","0.0027549797669053078","0.17784805489898686","0.17784805489898686","0.17784805489898686"
"915","0.0013928413391113281","0.0013928413391113281","0.0013928413391113281","915","915","915","0.003021345240995288","0.003021345240995288","0.003021345240995288","0.17802557140938943","0.17802557140938943","0.17802557140938943"
"916","0.0028886219952255487","0.0028886219952255487","0.0028886219952255487","916","916","916","0.0029640060383826494","0.0029640060383826494","0.0029640060383826494","0.1782319180082228","0.1782319180082228","0.1782319180082228"
"917","0.006302778143435717","0.006302778143435717","0.006302778143435717","917","917","917","0.003086050972342491","0.003086050972342491","0.003086050972342491","0.1783414841546051","0.1783414841546051","0.1783414841546051"
"918","0.0014368371339514852","0.0014368371339514852","0.0014368371339514852","918","918","918","0.0028648902662098408","0.0028648902662098408","0.0028648902662098408","0.17804051399648718","0.17804051399648718","0.17804051399648718"
"919","0.0027784656267613173","0.0027784656267613173","0.0027784656267613173","919","919","919","0.0028013507835566998","0.0028013507835566998","0.0028013507835566998","0.17831897920823495","0.17831897920823495","0.17831897920823495"
"920","0.00023470609448850155","0.00023470609448850155","0.00023470609448850155","920","920","920","0.0027554957196116447","0.0027554957196116447","0.0027554957196116447","0.17771411641519896","0.17771411641519896","0.17771411641519896"
"921","0.0007066346006467938","0.0007066346006467938","0.0007066346006467938","921","921","921","0.002709194552153349","0.002709194552153349","0.002709194552153349","0.17810868587820242","0.17810868587820242","0.17810868587820242"
"922","0.0258448775857687","0.0258448775857687","0.0258448775857687","922","922","922","0.007896002382040024","0.007896002382040024","0.007896002382040024","0.17828916626673486","0.17828916626673486","0.17828916626673486"
"923","0.003133018035441637","0.003133018035441637","0.003133018035441637","923","923","923","0.004505017772316933","0.004505017772316933","0.004505017772316933","0.1775967435747342","0.1775967435747342","0.1775967435747342"
"924","0.0014946797164157033","0.0014946797164157033","0.0014946797164157033","924","924","924","0.0036575645208358765","0.0036575645208358765","0.0036575645208358765","0.17748744661686125","0.17748744661686125","0.17748744661686125"
"925","0.0017088226741179824","0.0017088226741179824","0.0017088226741179824","925","925","925","0.004361641593277454","0.004361641593277454","0.004361641593277454","0.17829847092531165","0.17829847092531165","0.17829847092531165"
"926","0.004824673756957054","0.004824673756957054","0.004824673756957054","926","926","926","0.0031387857161462307","0.0031387857161462307","0.0031387857161462307","0.177948358138304","0.177948358138304","0.177948358138304"
"927","0.00279789580963552","0.00279789580963552","0.00279789580963552","927","927","927","0.003340515773743391","0.003340515773743391","0.003340515773743391","0.17775335626561872","0.17775335626561872","0.17775335626561872"
"928","0.001183703076094389","0.001183703076094389","0.001183703076094389","928","928","928","0.004292932339012623","0.004292932339012623","0.004292932339012623","0.17782648715302518","0.17782648715302518","0.17782648715302518"
"929","0.0005586723564192653","0.0005586723564192653","0.0005586723564192653","929","929","929","0.006674095522612333","0.006674095522612333","0.006674095522612333","0.1778507649106012","0.1778507649106012","0.1778507649106012"
"930","0.005494651384651661","0.005494651384651661","0.005494651384651661","930","930","930","0.004688972607254982","0.004688972607254982","0.004688972607254982","0.17857101066312553","0.17857101066312553","0.17857101066312553"
"931","0.0005853967741131783","0.0005853967741131783","0.0005853967741131783","931","931","931","0.004847714677453041","0.004847714677453041","0.004847714677453041","0.17820313592850118","0.17820313592850118","0.17820313592850118"
"932","0.001600285992026329","0.001600285992026329","0.001600285992026329","932","932","932","0.005356892012059689","0.005356892012059689","0.005356892012059689","0.17800459717259262","0.17800459717259262","0.17800459717259262"
"933","0.017160678282380104","0.017160678282380104","0.017160678282380104","933","933","933","0.0027669956907629967","0.0027669956907629967","0.0027669956907629967","0.17815308561892246","0.17815308561892246","0.17815308561892246"
"934","0.0016535570612177253","0.0016535570612177253","0.0016535570612177253","934","934","934","0.003098702058196068","0.003098702058196068","0.003098702058196068","0.17774284380510944","0.17774284380510944","0.17774284380510944"
"935","0.0074252658523619175","0.0074252658523619175","0.0074252658523619175","935","935","935","0.005428694188594818","0.005428694188594818","0.005428694188594818","0.17822284202456745","0.17822284202456745","0.17822284202456745"
"936","0.001003970275633037","0.001003970275633037","0.001003970275633037","936","936","936","0.0036724484525620937","0.0036724484525620937","0.0036724484525620937","0.17759822630017252","0.17759822630017252","0.17759822630017252"
"937","0.008264915086328983","0.008264915086328983","0.008264915086328983","937","937","937","0.004162418190389872","0.004162418190389872","0.004162418190389872","0.1781678415805722","0.1781678415805722","0.1781678415805722"
"938","0.0004023309738840908","0.0004023309738840908","0.0004023309738840908","938","938","938","0.00271295802667737","0.00271295802667737","0.00271295802667737","0.17816365037940501","0.17816365037940501","0.17816365037940501"
"939","0.007467077579349279","0.007467077579349279","0.007467077579349279","939","939","939","0.005988196935504675","0.005988196935504675","0.005988196935504675","0.1777812540899771","0.1777812540899771","0.1777812540899771"
"940","0.005610702093690634","0.005610702093690634","0.005610702093690634","940","940","940","0.004528301302343607","0.004528301302343607","0.004528301302343607","0.17792627684137693","0.17792627684137693","0.17792627684137693"
"941","0.0034200919326394796","0.0034200919326394796","0.0034200919326394796","941","941","941","0.006814900785684586","0.006814900785684586","0.006814900785684586","0.17791388119785742","0.17791388119785742","0.17791388119785742"
"942","0.00113519502338022","0.00113519502338022","0.00113519502338022","942","942","942","0.0020126833114773035","0.0020126833114773035","0.0020126833114773035","0.17811798077469093","0.17811798077469093","0.17811798077469093"
"943","0.0013946469407528639","0.0013946469407528639","0.0013946469407528639","943","943","943","0.003295702626928687","0.003295702626928687","0.003295702626928687","0.17836543915505704","0.17836543915505704","0.17836543915505704"
"944","0.0001276002440135926","0.0001276002440135926","0.0001276002440135926","944","944","944","0.001999960746616125","0.001999960746616125","0.001999960746616125","0.1785943859190185","0.1785943859190185","0.1785943859190185"
"945","0.030281182378530502","0.030281182378530502","0.030281182378530502","945","945","945","0.004215685650706291","0.004215685650706291","0.004215685650706291","0.17785220800097812","0.17785220800097812","0.17785220800097812"
"946","0.005064390599727631","0.005064390599727631","0.005064390599727631","946","946","946","0.0027908894699066877","0.0027908894699066877","0.0027908894699066877","0.17768607000006129","0.17768607000006129","0.17768607000006129"
"947","0.0028150922153145075","0.0028150922153145075","0.0028150922153145075","947","947","947","0.009248130954802036","0.009248130954802036","0.009248130954802036","0.17764525219930175","0.17764525219930175","0.17764525219930175"
"948","0.0013179589295759797","0.0013179589295759797","0.0013179589295759797","948","948","948","0.004399541765451431","0.004399541765451431","0.004399541765451431","0.1780909259763852","0.1780909259763852","0.1780909259763852"
"949","0.0015779470559209585","0.0015779470559209585","0.0015779470559209585","949","949","949","0.0024506759364157915","0.0024506759364157915","0.0024506759364157915","0.17830905672742567","0.17830905672742567","0.17830905672742567"
"950","0.0038946326822042465","0.0038946326822042465","0.0038946326822042465","950","950","950","0.004735488444566727","0.004735488444566727","0.004735488444566727","0.17835623556081842","0.17835623556081842","0.17835623556081842"
"951","0.007593948394060135","0.007593948394060135","0.007593948394060135","951","951","951","0.004401450976729393","0.004401450976729393","0.004401450976729393","0.17791145547865053","0.17791145547865053","0.17791145547865053"
"952","0.0026269997470080853","0.0026269997470080853","0.0026269997470080853","952","952","952","0.0038670264184474945","0.0038670264184474945","0.0038670264184474945","0.17787494973788873","0.17787494973788873","0.17787494973788873"
"953","0.006339699495583773","0.006339699495583773","0.006339699495583773","953","953","953","0.0041917976923286915","0.0041917976923286915","0.0041917976923286915","0.17725067220626725","0.17725067220626725","0.17725067220626725"
"954","0.002252378733828664","0.002252378733828664","0.002252378733828664","954","954","954","0.0031854095868766308","0.0031854095868766308","0.0031854095868766308","0.17819159535544848","0.17819159535544848","0.17819159535544848"
"955","0.0010567127028480172","0.0010567127028480172","0.0010567127028480172","955","955","955","0.0032449427526444197","0.0032449427526444197","0.0032449427526444197","0.17781658619304364","0.17781658619304364","0.17781658619304364"
"956","0.004926684312522411","0.004926684312522411","0.004926684312522411","956","956","956","0.0032593663781881332","0.0032593663781881332","0.0032593663781881332","0.17785992607446682","0.17785992607446682","0.17785992607446682"
"957","0.046237677335739136","0.046237677335739136","0.046237677335739136","957","957","957","0.015040404163300991","0.015040404163300991","0.015040404163300991","0.1775765040318417","0.1775765040318417","0.1775765040318417"
"958","0.0029917953070253134","0.0029917953070253134","0.0029917953070253134","958","958","958","0.006107320077717304","0.006107320077717304","0.006107320077717304","0.1780599309498196","0.1780599309498196","0.1780599309498196"
"959","0.0014537451788783073","0.0014537451788783073","0.0014537451788783073","959","959","959","0.003654004540294409","0.003654004540294409","0.003654004540294409","0.1776009753386376","0.1776009753386376","0.1776009753386376"
"960","0.0004884143127128482","0.0004884143127128482","0.0004884143127128482","960","960","960","0.005866841413080692","0.005866841413080692","0.005866841413080692","0.178058145980544","0.178058145980544","0.178058145980544"
"961","0.0011254845885559916","0.0011254845885559916","0.0011254845885559916","961","961","961","0.003559514181688428","0.003559514181688428","0.003559514181688428","0.17822886152848388","0.17822886152848388","0.17822886152848388"
"962","0.0027417484670877457","0.0027417484670877457","0.0027417484670877457","962","962","962","0.004283243790268898","0.004283243790268898","0.004283243790268898","0.1779686678404465","0.1779686678404465","0.1779686678404465"
"963","0.0017982869176194072","0.0017982869176194072","0.0017982869176194072","963","963","963","0.0070396047085523605","0.0070396047085523605","0.0070396047085523605","0.17780969883702116","0.17780969883702116","0.17780969883702116"
"964","0.0015401534037664533","0.0015401534037664533","0.0015401534037664533","964","964","964","0.002393696689978242","0.002393696689978242","0.002393696689978242","0.17718254575604533","0.17718254575604533","0.17718254575604533"
"965","0.007112217601388693","0.007112217601388693","0.007112217601388693","965","965","965","0.003024553880095482","0.003024553880095482","0.003024553880095482","0.17845813234278501","0.17845813234278501","0.17845813234278501"
"966","0.0010320094879716635","0.0010320094879716635","0.0010320094879716635","966","966","966","0.005214798729866743","0.005214798729866743","0.005214798729866743","0.17794632209475275","0.17794632209475275","0.17794632209475275"
"967","0.001593763823620975","0.001593763823620975","0.001593763823620975","967","967","967","0.0038984150160104036","0.0038984150160104036","0.0038984150160104036","0.1783938835979958","0.1783938835979958","0.1783938835979958"
"968","0.00262717017903924","0.00262717017903924","0.00262717017903924","968","968","968","0.003007275052368641","0.003007275052368641","0.003007275052368641","0.1779663717407611","0.1779663717407611","0.1779663717407611"
"969","0.04655171185731888","0.04655171185731888","0.04655171185731888","969","969","969","0.01880412921309471","0.01880412921309471","0.01880412921309471","0.17802833336157986","0.17802833336157986","0.17802833336157986"
"970","0.0008995354291982949","0.0008995354291982949","0.0008995354291982949","970","970","970","0.00402999110519886","0.00402999110519886","0.00402999110519886","0.17827460269317555","0.17827460269317555","0.17827460269317555"
"971","0.0119357630610466","0.0119357630610466","0.0119357630610466","971","971","971","0.0036527763586491346","0.0036527763586491346","0.0036527763586491346","0.17783902557553322","0.17783902557553322","0.17783902557553322"
"972","0.0015217084437608719","0.0015217084437608719","0.0015217084437608719","972","972","972","0.0035281642340123653","0.0035281642340123653","0.0035281642340123653","0.17841972598364073","0.17841972598364073","0.17841972598364073"
"973","0.0020768162794411182","0.0020768162794411182","0.0020768162794411182","973","973","973","0.004133621230721474","0.004133621230721474","0.004133621230721474","0.17831286405244087","0.17831286405244087","0.17831286405244087"
"974","0.002725228201597929","0.002725228201597929","0.002725228201597929","974","974","974","0.0029355548322200775","0.0029355548322200775","0.0029355548322200775","0.17803659863114185","0.17803659863114185","0.17803659863114185"
"975","0.0016506981337442994","0.0016506981337442994","0.0016506981337442994","975","975","975","0.00949367880821228","0.00949367880821228","0.00949367880821228","0.1785338398501495","0.1785338398501495","0.1785338398501495"
"976","0.006237190682440996","0.006237190682440996","0.006237190682440996","976","976","976","0.0026329043321311474","0.0026329043321311474","0.0026329043321311474","0.17794212260901915","0.17794212260901915","0.17794212260901915"
"977","0.0023961684200912714","0.0023961684200912714","0.0023961684200912714","977","977","977","0.0031710669863969088","0.0031710669863969088","0.0031710669863969088","0.17807327529753","0.17807327529753","0.17807327529753"
"978","0.0015196169260889292","0.0015196169260889292","0.0015196169260889292","978","978","978","0.0037598740309476852","0.0037598740309476852","0.0037598740309476852","0.1777726544612119","0.1777726544612119","0.1777726544612119"
"979","0.004919717554003","0.004919717554003","0.004919717554003","979","979","979","0.0038882358931005","0.0038882358931005","0.0038882358931005","0.17764783147326993","0.17764783147326993","0.17764783147326993"
"980","0.01305454596877098","0.01305454596877098","0.01305454596877098","980","980","980","0.0033488310873508453","0.0033488310873508453","0.0033488310873508453","0.1781384425479293","0.1781384425479293","0.1781384425479293"
"981","0.0016422226326540112","0.0016422226326540112","0.0016422226326540112","981","981","981","0.003799051744863391","0.003799051744863391","0.003799051744863391","0.1775962472809784","0.1775962472809784","0.1775962472809784"
"982","0.007171160541474819","0.007171160541474819","0.007171160541474819","982","982","982","0.0039903586730360985","0.0039903586730360985","0.0039903586730360985","0.17783479172589728","0.17783479172589728","0.17783479172589728"
"983","0.0030902032740414143","0.0030902032740414143","0.0030902032740414143","983","983","983","0.006032372824847698","0.006032372824847698","0.006032372824847698","0.17804744328832753","0.17804744328832753","0.17804744328832753"
"984","0.000963172409683466","0.000963172409683466","0.000963172409683466","984","984","984","0.0031680685933679342","0.0031680685933679342","0.0031680685933679342","0.17781232866005317","0.17781232866005317","0.17781232866005317"
"985","0.001014655688777566","0.001014655688777566","0.001014655688777566","985","985","985","0.002500082366168499","0.002500082366168499","0.002500082366168499","0.1784870575516771","0.1784870575516771","0.1784870575516771"
"986","0.0002684231149032712","0.0002684231149032712","0.0002684231149032712","986","986","986","0.0038919164799153805","0.0038919164799153805","0.0038919164799153805","0.17799545108497916","0.17799545108497916","0.17799545108497916"
"987","0.0031770565547049046","0.0031770565547049046","0.0031770565547049046","987","987","987","0.0025280145928263664","0.0025280145928263664","0.0025280145928263664","0.17771528449913224","0.17771528449913224","0.17771528449913224"
"988","0.0036720274947583675","0.0036720274947583675","0.0036720274947583675","988","988","988","0.0059855058789253235","0.0059855058789253235","0.0059855058789253235","0.17767133256426254","0.17767133256426254","0.17767133256426254"
"989","0.0022350861690938473","0.0022350861690938473","0.0022350861690938473","989","989","989","0.002898965496569872","0.002898965496569872","0.002898965496569872","0.17799325556122036","0.17799325556122036","0.17799325556122036"
"990","0.0007000915356911719","0.0007000915356911719","0.0007000915356911719","990","990","990","0.0028798431158065796","0.0028798431158065796","0.0028798431158065796","0.17792209984100718","0.17792209984100718","0.17792209984100718"
"991","0.0003097041044384241","0.0003097041044384241","0.0003097041044384241","991","991","991","0.0027993586845695972","0.0027993586845695972","0.0027993586845695972","0.17742770508475414","0.17742770508475414","0.17742770508475414"
"992","0.0004868197429459542","0.0004868197429459542","0.0004868197429459542","992","992","992","0.004584876354783773","0.004584876354783773","0.004584876354783773","0.1780766464157022","0.1780766464157022","0.1780766464157022"
"993","0.000640608137473464","0.000640608137473464","0.000640608137473464","993","993","993","0.0026318177115172148","0.0026318177115172148","0.0026318177115172148","0.17782448744545326","0.17782448744545326","0.17782448744545326"
"994","0.00016483776562381536","0.00016483776562381536","0.00016483776562381536","994","994","994","0.002985130064189434","0.002985130064189434","0.002985130064189434","0.1778358202316274","0.1778358202316274","0.1778358202316274"
"995","0.0016907243989408016","0.0016907243989408016","0.0016907243989408016","995","995","995","0.004632866475731134","0.004632866475731134","0.004632866475731134","0.17789288659214703","0.17789288659214703","0.17789288659214703"
"996","0.004841568414121866","0.004841568414121866","0.004841568414121866","996","996","996","0.004886188544332981","0.004886188544332981","0.004886188544332981","0.1779991577050534","0.1779991577050534","0.1779991577050534"
"997","0.0005146535695530474","0.0005146535695530474","0.0005146535695530474","997","997","997","0.005702241789549589","0.005702241789549589","0.005702241789549589","0.17777899944076977","0.17777899944076977","0.17777899944076977"
"998","0.004306298680603504","0.004306298680603504","0.004306298680603504","998","998","998","0.004515940323472023","0.004515940323472023","0.004515940323472023","0.17768719110432862","0.17768719110432862","0.17768719110432862"
"999","0.001530172536149621","0.001530172536149621","0.001530172536149621","999","999","999","0.003329111495986581","0.003329111495986581","0.003329111495986581","0.17764865847696498","0.17764865847696498","0.17764865847696498"